id,Level,TopicHeading,Question,Option1,Option2,Option3,Option4,Correct_Option,QuestionType
E_MAT_L001_Q001,1,Numbers,Select the greatest number.,2,5,8,4,8,Balloon
E_MAT_L001_Q002,1,Numbers,Select the greatest number.,7,3,9,5,9,Balloon
E_MAT_L001_Q003,1,Numbers,Select the greatest number.,1,6,4,8,8,Balloon
E_MAT_L001_Q004,1,Numbers,Select the greatest number.,0,3,7,5,7,Balloon
E_MAT_L001_Q005,1,Numbers,Select the greatest number.,4,9,2,6,9,Balloon
E_MAT_L001_Q006,1,Numbers,Select the greatest number.,8,1,5,3,8,Balloon
E_MAT_L001_Q007,1,Numbers,Select the greatest number.,6,2,9,4,9,Balloon
E_MAT_L001_Q008,1,Numbers,Select the greatest number.,3,7,0,5,7,Balloon
E_MAT_L001_Q009,1,Numbers,Select the greatest number.,5,2,8,1,8,Balloon
E_MAT_L001_Q010,1,Numbers,Select the greatest number.,9,4,6,2,9,Balloon
E_MAT_L002_Q011,2,Numbers,Select the greatest number.,1,8,3,6,8,Balloon
E_MAT_L002_Q012,2,Numbers,Select the greatest number.,7,0,5,2,7,Balloon
E_MAT_L002_Q013,2,Numbers,Select the greatest number.,4,6,1,9,9,Balloon
E_MAT_L002_Q014,2,Numbers,Select the greatest number.,2,8,5,3,8,Balloon
E_MAT_L002_Q015,2,Numbers,Select the greatest number.,6,0,4,7,7,Balloon
E_MAT_L002_Q016,2,Numbers,Select the greatest number.,3,9,1,5,9,Balloon
E_MAT_L002_Q017,2,Numbers,Select the greatest number.,8,2,6,4,8,Balloon
E_MAT_L002_Q018,2,Numbers,Select the greatest number.,5,7,0,3,7,Balloon
E_MAT_L002_Q019,2,Numbers,Select the greatest number.,9,1,4,6,9,Balloon
E_MAT_L002_Q020,2,Numbers,Select the greatest number.,2,6,8,0,8,Balloon
E_MAT_L003_Q021,3,Numbers,Select the greatest number.,4,7,2,6,7,Balloon
E_MAT_L003_Q022,3,Numbers,Select the greatest number.,8,3,5,1,8,Balloon
E_MAT_L003_Q023,3,Numbers,Select the greatest number.,6,9,2,4,9,Balloon
E_MAT_L003_Q024,3,Numbers,Select the greatest number.,1,5,7,3,7,Balloon
E_MAT_L003_Q025,3,Numbers,Select the greatest number.,9,2,6,0,9,Balloon
E_MAT_L003_Q026,3,Numbers,Select the greatest number.,3,8,4,1,8,Balloon
E_MAT_L003_Q027,3,Numbers,Select the greatest number.,5,0,7,2,7,Balloon
E_MAT_L003_Q028,3,Numbers,Select the greatest number.,2,6,4,9,9,Balloon
E_MAT_L003_Q029,3,Numbers,Select the greatest number.,7,1,5,3,7,Balloon
E_MAT_L003_Q030,3,Numbers,Select the greatest number.,4,8,0,6,8,Balloon
E_MAT_L004_Q031,4,Numbers,Select the greatest number.,6,3,9,5,9,Balloon
E_MAT_L004_Q032,4,Numbers,Select the greatest number.,0,7,2,4,7,Balloon
E_MAT_L004_Q033,4,Numbers,Select the greatest number.,5,9,1,8,9,Balloon
E_MAT_L004_Q034,4,Numbers,Select the greatest number.,3,6,8,2,8,Balloon
E_MAT_L004_Q035,4,Numbers,Select the greatest number.,7,4,0,5,7,Balloon
E_MAT_L004_Q036,4,Numbers,Select the greatest number.,2,9,6,1,9,Balloon
E_MAT_L004_Q037,4,Numbers,Select the greatest number.,8,5,3,7,8,Balloon
E_MAT_L004_Q038,4,Numbers,Select the greatest number.,1,4,9,6,9,Balloon
E_MAT_L004_Q039,4,Numbers,Select the greatest number.,6,2,7,5,7,Balloon
E_MAT_L004_Q040,4,Numbers,Select the greatest number.,0,8,4,3,8,Balloon
E_MAT_L005_Q041,5,Numbers,Select the smallest number.,5,2,8,4,2,Balloon
E_MAT_L005_Q042,5,Numbers,Select the smallest number.,7,3,9,5,3,Balloon
E_MAT_L005_Q043,5,Numbers,Select the smallest number.,6,1,4,8,1,Balloon
E_MAT_L005_Q044,5,Numbers,Select the smallest number.,0,3,7,5,0,Balloon
E_MAT_L005_Q045,5,Numbers,Select the smallest number.,4,9,2,6,2,Balloon
E_MAT_L005_Q046,5,Numbers,Select the smallest number.,8,1,5,3,1,Balloon
E_MAT_L005_Q047,5,Numbers,Select the smallest number.,6,2,9,4,2,Balloon
E_MAT_L005_Q048,5,Numbers,Select the smallest number.,3,7,0,5,0,Balloon
E_MAT_L005_Q049,5,Numbers,Select the smallest number.,5,2,8,1,1,Balloon
E_MAT_L005_Q050,5,Numbers,Select the smallest number.,9,4,6,2,2,Balloon
E_MAT_L006_Q051,6,Numbers,Select the smallest number.,1,8,3,6,1,Balloon
E_MAT_L006_Q052,6,Numbers,Select the smallest number.,7,0,5,2,0,Balloon
E_MAT_L006_Q053,6,Numbers,Select the smallest number.,4,6,1,9,1,Balloon
E_MAT_L006_Q054,6,Numbers,Select the smallest number.,2,8,5,3,2,Balloon
E_MAT_L006_Q055,6,Numbers,Select the smallest number.,6,0,4,7,0,Balloon
E_MAT_L006_Q056,6,Numbers,Select the smallest number.,3,9,1,5,1,Balloon
E_MAT_L006_Q057,6,Numbers,Select the smallest number.,8,2,6,4,2,Balloon
E_MAT_L006_Q058,6,Numbers,Select the smallest number.,5,7,0,3,0,Balloon
E_MAT_L006_Q059,6,Numbers,Select the smallest number.,9,1,4,6,1,Balloon
E_MAT_L006_Q060,6,Numbers,Select the smallest number.,2,6,8,0,0,Balloon
E_MAT_L007_Q061,7,Numbers,Select the smallest number.,4,7,2,6,2,Balloon
E_MAT_L007_Q062,7,Numbers,Select the smallest number.,8,3,5,1,1,Balloon
E_MAT_L007_Q063,7,Numbers,Select the smallest number.,6,9,2,4,2,Balloon
E_MAT_L007_Q064,7,Numbers,Select the smallest number.,1,5,7,3,1,Balloon
E_MAT_L007_Q065,7,Numbers,Select the smallest number.,9,2,6,0,0,Balloon
E_MAT_L007_Q066,7,Numbers,Select the smallest number.,3,8,4,1,1,Balloon
E_MAT_L007_Q067,7,Numbers,Select the smallest number.,5,0,7,2,0,Balloon
E_MAT_L007_Q068,7,Numbers,Select the smallest number.,2,6,4,9,2,Balloon
E_MAT_L007_Q069,7,Numbers,Select the smallest number.,7,1,5,3,1,Balloon
E_MAT_L007_Q070,7,Numbers,Select the smallest number.,4,8,0,6,0,Balloon
E_MAT_L008_Q071,8,Numbers,Select the smallest number.,6,4,9,2,2,Balloon
E_MAT_L008_Q072,8,Numbers,Select the smallest number.,8,5,3,7,3,Balloon
E_MAT_L008_Q073,8,Numbers,Select the smallest number.,9,6,1,4,1,Balloon
E_MAT_L008_Q074,8,Numbers,Select the smallest number.,7,2,8,5,2,Balloon
E_MAT_L008_Q075,8,Numbers,Select the smallest number.,5,9,4,6,4,Balloon
E_MAT_L008_Q076,8,Numbers,Select the smallest number.,3,7,2,8,2,Balloon
E_MAT_L008_Q077,8,Numbers,Select the smallest number.,9,5,0,6,0,Balloon
E_MAT_L008_Q078,8,Numbers,Select the smallest number.,4,1,8,7,1,Balloon
E_MAT_L008_Q079,8,Numbers,Select the smallest number.,6,3,5,9,3,Balloon
E_MAT_L008_Q080,8,Numbers,Select the smallest number.,8,4,7,2,2,Balloon
E_MAT_L009_Q081,9,Numbers,Select the greatest number.,14,27,19,22,27,Balloon
E_MAT_L009_Q082,9,Numbers,Select the greatest number.,25,13,29,18,29,Balloon
E_MAT_L009_Q083,9,Numbers,Select the greatest number.,16,21,12,28,28,Balloon
E_MAT_L009_Q084,9,Numbers,Select the greatest number.,30,17,24,11,30,Balloon
E_MAT_L009_Q085,9,Numbers,Select the greatest number.,23,15,26,20,26,Balloon
E_MAT_L009_Q086,9,Numbers,Select the greatest number.,12,29,18,25,29,Balloon
E_MAT_L009_Q087,9,Numbers,Select the greatest number.,19,14,30,22,30,Balloon
E_MAT_L009_Q088,9,Numbers,Select the greatest number.,27,16,21,13,27,Balloon
E_MAT_L009_Q089,9,Numbers,Select the greatest number.,11,24,17,28,28,Balloon
E_MAT_L009_Q090,9,Numbers,Select the greatest number.,20,15,29,23,29,Balloon
E_MAT_L010_Q091,10,Numbers,Select the greatest number.,26,18,12,21,26,Balloon
E_MAT_L010_Q092,10,Numbers,Select the greatest number.,13,30,22,16,30,Balloon
E_MAT_L010_Q093,10,Numbers,Select the greatest number.,24,19,27,14,27,Balloon
E_MAT_L010_Q094,10,Numbers,Select the greatest number.,17,25,11,29,29,Balloon
E_MAT_L010_Q095,10,Numbers,Select the greatest number.,28,13,20,16,28,Balloon
E_MAT_L010_Q096,10,Numbers,Select the greatest number.,15,22,30,18,30,Balloon
E_MAT_L010_Q097,10,Numbers,Select the greatest number.,21,12,26,19,26,Balloon
E_MAT_L010_Q098,10,Numbers,Select the greatest number.,29,17,23,14,29,Balloon
E_MAT_L010_Q099,10,Numbers,Select the greatest number.,18,27,11,24,27,Balloon
E_MAT_L010_Q100,10,Numbers,Select the greatest number.,22,16,28,13,28,Balloon
E_MAT_L011_Q101,11,Numbers,Select the greatest number.,25,19,14,30,30,Balloon
E_MAT_L011_Q102,11,Numbers,Select the greatest number.,12,23,29,17,29,Balloon
E_MAT_L011_Q103,11,Numbers,Select the greatest number.,26,15,21,28,28,Balloon
E_MAT_L011_Q104,11,Numbers,Select the greatest number.,20,30,13,24,30,Balloon
E_MAT_L011_Q105,11,Numbers,Select the greatest number.,17,22,27,11,27,Balloon
E_MAT_L011_Q106,11,Numbers,Select the greatest number.,29,18,25,14,29,Balloon
E_MAT_L011_Q107,11,Numbers,Select the greatest number.,16,24,19,30,30,Balloon
E_MAT_L011_Q108,11,Numbers,Select the greatest number.,21,28,15,12,28,Balloon
E_MAT_L011_Q109,11,Numbers,Select the greatest number.,13,26,20,17,26,Balloon
E_MAT_L011_Q110,11,Numbers,Select the greatest number.,24,11,29,18,29,Balloon
E_MAT_L012_Q111,12,Numbers,Select the greatest number.,27,14,22,19,27,Balloon
E_MAT_L012_Q112,12,Numbers,Select the greatest number.,15,30,21,26,30,Balloon
E_MAT_L012_Q113,12,Numbers,Select the greatest number.,19,23,28,12,28,Balloon
E_MAT_L012_Q114,12,Numbers,Select the greatest number.,11,25,16,29,29,Balloon
E_MAT_L012_Q115,12,Numbers,Select the greatest number.,22,17,30,14,30,Balloon
E_MAT_L012_Q116,12,Numbers,Select the greatest number.,28,13,24,20,28,Balloon
E_MAT_L012_Q117,12,Numbers,Select the greatest number.,16,21,27,18,27,Balloon
E_MAT_L012_Q118,12,Numbers,Select the greatest number.,30,12,23,26,30,Balloon
E_MAT_L012_Q119,12,Numbers,Select the greatest number.,14,29,19,25,29,Balloon
E_MAT_L012_Q120,12,Numbers,Select the greatest number.,20,26,15,28,28,Balloon
E_MAT_L013_Q121,13,Numbers,Select the smallest number.,14,27,19,22,14,Balloon
E_MAT_L013_Q122,13,Numbers,Select the smallest number.,25,13,29,18,13,Balloon
E_MAT_L013_Q123,13,Numbers,Select the smallest number.,16,21,12,28,12,Balloon
E_MAT_L013_Q124,13,Numbers,Select the smallest number.,30,17,24,11,11,Balloon
E_MAT_L013_Q125,13,Numbers,Select the smallest number.,23,15,26,20,15,Balloon
E_MAT_L013_Q126,13,Numbers,Select the smallest number.,12,29,18,25,12,Balloon
E_MAT_L013_Q127,13,Numbers,Select the smallest number.,19,14,30,22,14,Balloon
E_MAT_L013_Q128,13,Numbers,Select the smallest number.,27,16,21,13,13,Balloon
E_MAT_L013_Q129,13,Numbers,Select the smallest number.,11,24,17,28,11,Balloon
E_MAT_L013_Q130,13,Numbers,Select the smallest number.,20,15,29,23,15,Balloon
E_MAT_L014_Q131,14,Numbers,Select the smallest number.,26,18,12,21,12,Balloon
E_MAT_L014_Q132,14,Numbers,Select the smallest number.,13,30,22,16,13,Balloon
E_MAT_L014_Q133,14,Numbers,Select the smallest number.,24,19,27,14,14,Balloon
E_MAT_L014_Q134,14,Numbers,Select the smallest number.,17,25,11,29,11,Balloon
E_MAT_L014_Q135,14,Numbers,Select the smallest number.,28,13,20,16,13,Balloon
E_MAT_L014_Q136,14,Numbers,Select the smallest number.,15,22,30,18,15,Balloon
E_MAT_L014_Q137,14,Numbers,Select the smallest number.,21,12,26,19,12,Balloon
E_MAT_L014_Q138,14,Numbers,Select the smallest number.,29,17,23,14,14,Balloon
E_MAT_L014_Q139,14,Numbers,Select the smallest number.,18,27,11,24,11,Balloon
E_MAT_L014_Q140,14,Numbers,Select the smallest number.,22,16,28,13,13,Balloon
E_MAT_L015_Q141,15,Numbers,Select the smallest number.,25,19,14,30,14,Balloon
E_MAT_L015_Q142,15,Numbers,Select the smallest number.,12,23,29,17,12,Balloon
E_MAT_L015_Q143,15,Numbers,Select the smallest number.,26,15,21,28,15,Balloon
E_MAT_L015_Q144,15,Numbers,Select the smallest number.,20,30,13,24,13,Balloon
E_MAT_L015_Q145,15,Numbers,Select the smallest number.,17,22,27,11,11,Balloon
E_MAT_L015_Q146,15,Numbers,Select the smallest number.,29,18,25,14,14,Balloon
E_MAT_L015_Q147,15,Numbers,Select the smallest number.,16,24,19,30,16,Balloon
E_MAT_L015_Q148,15,Numbers,Select the smallest number.,21,28,15,12,12,Balloon
E_MAT_L015_Q149,15,Numbers,Select the smallest number.,13,26,20,17,13,Balloon
E_MAT_L015_Q150,15,Numbers,Select the smallest number.,24,11,29,18,11,Balloon
E_MAT_L016_Q151,16,Numbers,Select the smallest number.,27,14,22,19,14,Balloon
E_MAT_L016_Q152,16,Numbers,Select the smallest number.,15,30,21,26,15,Balloon
E_MAT_L016_Q153,16,Numbers,Select the smallest number.,19,23,28,12,12,Balloon
E_MAT_L016_Q154,16,Numbers,Select the smallest number.,11,25,16,29,11,Balloon
E_MAT_L016_Q155,16,Numbers,Select the smallest number.,22,17,30,14,14,Balloon
E_MAT_L016_Q156,16,Numbers,Select the smallest number.,28,13,24,20,13,Balloon
E_MAT_L016_Q157,16,Numbers,Select the smallest number.,16,21,27,18,16,Balloon
E_MAT_L016_Q158,16,Numbers,Select the smallest number.,30,12,23,26,12,Balloon
E_MAT_L016_Q159,16,Numbers,Select the smallest number.,14,29,19,25,14,Balloon
E_MAT_L016_Q160,16,Numbers,Select the smallest number.,20,26,15,28,15,Balloon
E_MAT_L017_Q161,17,Numbers,Select the greatest number.,34,57,42,49,57,Balloon
E_MAT_L017_Q162,17,Numbers,Select the greatest number.,51,38,59,44,59,Balloon
E_MAT_L017_Q163,17,Numbers,Select the greatest number.,46,53,31,58,58,Balloon
E_MAT_L017_Q164,17,Numbers,Select the greatest number.,60,37,54,41,60,Balloon
E_MAT_L017_Q165,17,Numbers,Select the greatest number.,43,55,36,50,55,Balloon
E_MAT_L017_Q166,17,Numbers,Select the greatest number.,32,59,47,52,59,Balloon
E_MAT_L017_Q167,17,Numbers,Select the greatest number.,49,35,60,44,60,Balloon
E_MAT_L017_Q168,17,Numbers,Select the greatest number.,57,46,51,33,57,Balloon
E_MAT_L017_Q169,17,Numbers,Select the greatest number.,31,54,39,58,58,Balloon
E_MAT_L017_Q170,17,Numbers,Select the greatest number.,50,35,59,43,59,Balloon
E_MAT_L018_Q171,18,Numbers,Select the greatest number.,56,48,32,51,56,Balloon
E_MAT_L018_Q172,18,Numbers,Select the greatest number.,33,60,42,46,60,Balloon
E_MAT_L018_Q173,18,Numbers,Select the greatest number.,54,39,57,34,57,Balloon
E_MAT_L018_Q174,18,Numbers,Select the greatest number.,47,55,31,59,59,Balloon
E_MAT_L018_Q175,18,Numbers,Select the greatest number.,58,33,40,46,58,Balloon
E_MAT_L018_Q176,18,Numbers,Select the greatest number.,35,52,60,48,60,Balloon
E_MAT_L018_Q177,18,Numbers,Select the greatest number.,51,32,56,49,56,Balloon
E_MAT_L018_Q178,18,Numbers,Select the greatest number.,59,37,53,34,59,Balloon
E_MAT_L018_Q179,18,Numbers,Select the greatest number.,48,57,31,54,57,Balloon
E_MAT_L018_Q180,18,Numbers,Select the greatest number.,52,36,58,33,58,Balloon
E_MAT_L019_Q181,19,Numbers,Select the greatest number.,55,49,34,60,60,Balloon
E_MAT_L019_Q182,19,Numbers,Select the greatest number.,32,43,59,37,59,Balloon
E_MAT_L019_Q183,19,Numbers,Select the greatest number.,56,45,51,58,58,Balloon
E_MAT_L019_Q184,19,Numbers,Select the greatest number.,50,60,33,54,60,Balloon
E_MAT_L019_Q185,19,Numbers,Select the greatest number.,37,52,57,31,57,Balloon
E_MAT_L019_Q186,19,Numbers,Select the greatest number.,59,48,55,34,59,Balloon
E_MAT_L019_Q187,19,Numbers,Select the greatest number.,46,54,39,60,60,Balloon
E_MAT_L019_Q188,19,Numbers,Select the greatest number.,51,58,35,32,58,Balloon
E_MAT_L019_Q189,19,Numbers,Select the greatest number.,33,56,50,47,56,Balloon
E_MAT_L019_Q190,19,Numbers,Select the greatest number.,54,31,59,48,59,Balloon
E_MAT_L020_Q191,20,Numbers,Select the greatest number.,57,34,52,49,57,Balloon
E_MAT_L020_Q192,20,Numbers,Select the greatest number.,35,60,51,56,60,Balloon
E_MAT_L020_Q193,20,Numbers,Select the greatest number.,49,53,58,32,58,Balloon
E_MAT_L020_Q194,20,Numbers,Select the greatest number.,31,55,46,59,59,Balloon
E_MAT_L020_Q195,20,Numbers,Select the greatest number.,52,37,60,34,60,Balloon
E_MAT_L020_Q196,20,Numbers,Select the greatest number.,58,33,54,40,58,Balloon
E_MAT_L020_Q197,20,Numbers,Select the greatest number.,46,51,57,38,57,Balloon
E_MAT_L020_Q198,20,Numbers,Select the greatest number.,60,32,53,56,60,Balloon
E_MAT_L020_Q199,20,Numbers,Select the greatest number.,34,59,49,55,59,Balloon
E_MAT_L020_Q200,20,Numbers,Select the greatest number.,50,56,35,58,58,Balloon
E_MAT_L021_Q201,21,Numbers,Select the smallest number.,34,57,42,49,34,Balloon
E_MAT_L021_Q202,21,Numbers,Select the smallest number.,51,38,59,44,38,Balloon
E_MAT_L021_Q203,21,Numbers,Select the smallest number.,46,53,31,58,31,Balloon
E_MAT_L021_Q204,21,Numbers,Select the smallest number.,60,37,54,41,37,Balloon
E_MAT_L021_Q205,21,Numbers,Select the smallest number.,43,55,36,50,36,Balloon
E_MAT_L021_Q206,21,Numbers,Select the smallest number.,32,59,47,52,32,Balloon
E_MAT_L021_Q207,21,Numbers,Select the smallest number.,49,35,60,44,35,Balloon
E_MAT_L021_Q208,21,Numbers,Select the smallest number.,57,46,51,33,33,Balloon
E_MAT_L021_Q209,21,Numbers,Select the smallest number.,31,54,39,58,31,Balloon
E_MAT_L021_Q210,21,Numbers,Select the smallest number.,50,35,59,43,35,Balloon
E_MAT_L022_Q211,22,Numbers,Select the smallest number.,56,48,32,51,32,Balloon
E_MAT_L022_Q212,22,Numbers,Select the smallest number.,33,60,42,46,33,Balloon
E_MAT_L022_Q213,22,Numbers,Select the smallest number.,54,39,57,34,34,Balloon
E_MAT_L022_Q214,22,Numbers,Select the smallest number.,47,55,31,59,31,Balloon
E_MAT_L022_Q215,22,Numbers,Select the smallest number.,58,33,40,46,33,Balloon
E_MAT_L022_Q216,22,Numbers,Select the smallest number.,35,52,60,48,35,Balloon
E_MAT_L022_Q217,22,Numbers,Select the smallest number.,51,32,56,49,32,Balloon
E_MAT_L022_Q218,22,Numbers,Select the smallest number.,59,37,53,34,34,Balloon
E_MAT_L022_Q219,22,Numbers,Select the smallest number.,48,57,31,54,31,Balloon
E_MAT_L022_Q220,22,Numbers,Select the smallest number.,52,36,58,33,33,Balloon
E_MAT_L023_Q221,23,Numbers,Select the smallest number.,55,49,34,60,34,Balloon
E_MAT_L023_Q222,23,Numbers,Select the smallest number.,32,43,59,37,32,Balloon
E_MAT_L023_Q223,23,Numbers,Select the smallest number.,56,45,51,58,45,Balloon
E_MAT_L023_Q224,23,Numbers,Select the smallest number.,50,60,33,54,33,Balloon
E_MAT_L023_Q225,23,Numbers,Select the smallest number.,37,52,57,31,31,Balloon
E_MAT_L023_Q226,23,Numbers,Select the smallest number.,59,48,55,34,34,Balloon
E_MAT_L023_Q227,23,Numbers,Select the smallest number.,46,54,39,60,39,Balloon
E_MAT_L023_Q228,23,Numbers,Select the smallest number.,51,58,35,32,32,Balloon
E_MAT_L023_Q229,23,Numbers,Select the smallest number.,33,56,50,47,33,Balloon
E_MAT_L023_Q230,23,Numbers,Select the smallest number.,54,31,59,48,31,Balloon
E_MAT_L024_Q231,24,Numbers,Select the smallest number.,57,34,52,49,34,Balloon
E_MAT_L024_Q232,24,Numbers,Select the smallest number.,35,60,51,56,35,Balloon
E_MAT_L024_Q233,24,Numbers,Select the smallest number.,49,53,58,32,32,Balloon
E_MAT_L024_Q234,24,Numbers,Select the smallest number.,31,55,46,59,31,Balloon
E_MAT_L024_Q235,24,Numbers,Select the smallest number.,52,37,60,34,34,Balloon
E_MAT_L024_Q236,24,Numbers,Select the smallest number.,58,33,54,40,33,Balloon
E_MAT_L024_Q237,24,Numbers,Select the smallest number.,46,51,57,38,38,Balloon
E_MAT_L024_Q238,24,Numbers,Select the smallest number.,60,32,53,56,32,Balloon
E_MAT_L024_Q239,24,Numbers,Select the smallest number.,34,59,49,55,34,Balloon
E_MAT_L024_Q240,24,Numbers,Select the smallest number.,50,56,35,58,35,Balloon
E_MAT_L025_Q241,25,Numbers,Select the greatest number.,74,91,83,97,97,Balloon
E_MAT_L025_Q242,25,Numbers,Select the greatest number.,85,72,99,94,99,Balloon
E_MAT_L025_Q243,25,Numbers,Select the greatest number.,78,96,81,89,96,Balloon
E_MAT_L025_Q244,25,Numbers,Select the greatest number.,100,76,93,88,100,Balloon
E_MAT_L025_Q245,25,Numbers,Select the greatest number.,87,95,73,82,95,Balloon
E_MAT_L025_Q246,25,Numbers,Select the greatest number.,71,98,84,92,98,Balloon
E_MAT_L025_Q247,25,Numbers,Select the greatest number.,89,75,100,86,100,Balloon
E_MAT_L025_Q248,25,Numbers,Select the greatest number.,97,83,91,74,97,Balloon
E_MAT_L025_Q249,25,Numbers,Select the greatest number.,72,94,79,99,99,Balloon
E_MAT_L025_Q250,25,Numbers,Select the greatest number.,90,77,96,85,96,Balloon
E_MAT_L026_Q251,26,Numbers,Select the greatest number.,88,81,73,95,95,Balloon
E_MAT_L026_Q252,26,Numbers,Select the greatest number.,79,100,92,86,100,Balloon
E_MAT_L026_Q253,26,Numbers,Select the greatest number.,93,78,97,71,97,Balloon
E_MAT_L026_Q254,26,Numbers,Select the greatest number.,84,96,75,99,99,Balloon
E_MAT_L026_Q255,26,Numbers,Select the greatest number.,98,73,80,91,98,Balloon
E_MAT_L026_Q256,26,Numbers,Select the greatest number.,76,89,100,83,100,Balloon
E_MAT_L026_Q257,26,Numbers,Select the greatest number.,91,72,95,87,95,Balloon
E_MAT_L026_Q258,26,Numbers,Select the greatest number.,99,77,86,74,99,Balloon
E_MAT_L026_Q259,26,Numbers,Select the greatest number.,82,97,71,94,97,Balloon
E_MAT_L026_Q260,26,Numbers,Select the greatest number.,88,75,93,98,98,Balloon
E_MAT_L027_Q261,27,Numbers,Select the greatest number.,96,81,74,100,100,Balloon
E_MAT_L027_Q262,27,Numbers,Select the greatest number.,73,85,99,78,99,Balloon
E_MAT_L027_Q263,27,Numbers,Select the greatest number.,92,76,89,97,97,Balloon
E_MAT_L027_Q264,27,Numbers,Select the greatest number.,87,100,79,94,100,Balloon
E_MAT_L027_Q265,27,Numbers,Select the greatest number.,75,91,98,72,98,Balloon
E_MAT_L027_Q266,27,Numbers,Select the greatest number.,99,84,93,76,99,Balloon
E_MAT_L027_Q267,27,Numbers,Select the greatest number.,81,95,77,100,100,Balloon
E_MAT_L027_Q268,27,Numbers,Select the greatest number.,94,88,99,73,99,Balloon
E_MAT_L027_Q269,27,Numbers,Select the greatest number.,78,92,85,97,97,Balloon
E_MAT_L027_Q270,27,Numbers,Select the greatest number.,71,96,89,83,96,Balloon
E_MAT_L028_Q271,28,Numbers,Select the greatest number.,86,74,100,91,100,Balloon
E_MAT_L028_Q272,28,Numbers,Select the greatest number.,93,79,87,98,98,Balloon
E_MAT_L028_Q273,28,Numbers,Select the greatest number.,72,95,84,99,99,Balloon
E_MAT_L028_Q274,28,Numbers,Select the greatest number.,89,76,100,82,100,Balloon
E_MAT_L028_Q275,28,Numbers,Select the greatest number.,97,73,91,85,97,Balloon
E_MAT_L028_Q276,28,Numbers,Select the greatest number.,83,98,75,94,98,Balloon
E_MAT_L028_Q277,28,Numbers,Select the greatest number.,100,81,96,77,100,Balloon
E_MAT_L028_Q278,28,Numbers,Select the greatest number.,74,99,88,92,99,Balloon
E_MAT_L028_Q279,28,Numbers,Select the greatest number.,95,79,87,73,95,Balloon
E_MAT_L028_Q280,28,Numbers,Select the greatest number.,82,100,90,96,100,Balloon
E_MAT_L029_Q281,29,Numbers,Select the smallest number.,74,91,83,97,74,Balloon
E_MAT_L029_Q282,29,Numbers,Select the smallest number.,85,72,99,94,72,Balloon
E_MAT_L029_Q283,29,Numbers,Select the smallest number.,78,96,81,89,78,Balloon
E_MAT_L029_Q284,29,Numbers,Select the smallest number.,100,76,93,88,76,Balloon
E_MAT_L029_Q285,29,Numbers,Select the smallest number.,87,95,73,82,73,Balloon
E_MAT_L029_Q286,29,Numbers,Select the smallest number.,71,98,84,92,71,Balloon
E_MAT_L029_Q287,29,Numbers,Select the smallest number.,89,75,100,86,75,Balloon
E_MAT_L029_Q288,29,Numbers,Select the smallest number.,97,83,91,74,74,Balloon
E_MAT_L029_Q289,29,Numbers,Select the smallest number.,72,94,79,99,72,Balloon
E_MAT_L029_Q290,29,Numbers,Select the smallest number.,90,77,96,85,77,Balloon
E_MAT_L030_Q291,30,Numbers,Select the smallest number.,88,81,73,95,73,Balloon
E_MAT_L030_Q292,30,Numbers,Select the smallest number.,79,100,92,86,79,Balloon
E_MAT_L030_Q293,30,Numbers,Select the smallest number.,93,78,97,71,71,Balloon
E_MAT_L030_Q294,30,Numbers,Select the smallest number.,84,96,75,99,75,Balloon
E_MAT_L030_Q295,30,Numbers,Select the smallest number.,98,73,80,91,73,Balloon
E_MAT_L030_Q296,30,Numbers,Select the smallest number.,76,89,100,83,76,Balloon
E_MAT_L030_Q297,30,Numbers,Select the smallest number.,91,72,95,87,72,Balloon
E_MAT_L030_Q298,30,Numbers,Select the smallest number.,99,77,86,74,74,Balloon
E_MAT_L030_Q299,30,Numbers,Select the smallest number.,82,97,71,94,71,Balloon
E_MAT_L030_Q300,30,Numbers,Select the smallest number.,88,75,93,98,75,Balloon
E_MAT_L031_Q301,31,Numbers,Select the smallest number.,96,81,74,100,74,Balloon
E_MAT_L031_Q302,31,Numbers,Select the smallest number.,73,85,99,78,73,Balloon
E_MAT_L031_Q303,31,Numbers,Select the smallest number.,92,76,89,97,76,Balloon
E_MAT_L031_Q304,31,Numbers,Select the smallest number.,87,100,79,94,79,Balloon
E_MAT_L031_Q305,31,Numbers,Select the smallest number.,75,91,98,72,72,Balloon
E_MAT_L031_Q306,31,Numbers,Select the smallest number.,99,84,93,76,76,Balloon
E_MAT_L031_Q307,31,Numbers,Select the smallest number.,81,95,77,100,77,Balloon
E_MAT_L031_Q308,31,Numbers,Select the smallest number.,94,88,99,73,73,Balloon
E_MAT_L031_Q309,31,Numbers,Select the smallest number.,78,92,85,97,78,Balloon
E_MAT_L031_Q310,31,Numbers,Select the smallest number.,71,96,89,83,71,Balloon
E_MAT_L032_Q311,32,Numbers,Select the smallest number.,86,74,100,91,74,Balloon
E_MAT_L032_Q312,32,Numbers,Select the smallest number.,93,79,87,98,79,Balloon
E_MAT_L032_Q313,32,Numbers,Select the smallest number.,72,95,84,99,72,Balloon
E_MAT_L032_Q314,32,Numbers,Select the smallest number.,89,76,100,82,76,Balloon
E_MAT_L032_Q315,32,Numbers,Select the smallest number.,97,73,91,85,73,Balloon
E_MAT_L032_Q316,32,Numbers,Select the smallest number.,83,98,75,94,75,Balloon
E_MAT_L032_Q317,32,Numbers,Select the smallest number.,100,81,96,77,77,Balloon
E_MAT_L032_Q318,32,Numbers,Select the smallest number.,74,99,88,92,74,Balloon
E_MAT_L032_Q319,32,Numbers,Select the smallest number.,95,79,87,73,73,Balloon
E_MAT_L032_Q320,32,Numbers,Select the smallest number.,82,100,90,96,82,Balloon
E_MAT_L033_Q321,33,Even - Odd,Find the EVEN number.,3,7,4,9,4,Balloon
E_MAT_L033_Q322,33,Even - Odd,Find the EVEN number.,1,6,5,9,6,Balloon
E_MAT_L033_Q323,33,Even - Odd,Find the EVEN number.,8,3,5,7,8,Balloon
E_MAT_L033_Q324,33,Even - Odd,Find the EVEN number.,9,2,7,5,2,Balloon
E_MAT_L033_Q325,33,Even - Odd,Find the EVEN number.,1,3,10,7,10,Balloon
E_MAT_L033_Q326,33,Even - Odd,Find the EVEN number.,5,9,6,3,6,Balloon
E_MAT_L033_Q327,33,Even - Odd,Find the EVEN number.,7,4,1,9,4,Balloon
E_MAT_L033_Q328,33,Even - Odd,Find the EVEN number.,3,5,8,9,8,Balloon
E_MAT_L033_Q329,33,Even - Odd,Find the EVEN number.,2,7,5,1,2,Balloon
E_MAT_L033_Q330,33,Even - Odd,Find the EVEN number.,9,3,10,7,10,Balloon
E_MAT_L034_Q331,34,Even - Odd,Find the ODD number,2,6,5,8,5,Balloon
E_MAT_L034_Q332,34,Even - Odd,Find the ODD number,4,9,2,10,9,Balloon
E_MAT_L034_Q333,34,Even - Odd,Find the ODD number,8,3,6,10,3,Balloon
E_MAT_L034_Q334,34,Even - Odd,Find the ODD number,2,4,7,8,7,Balloon
E_MAT_L034_Q335,34,Even - Odd,Find the ODD number,10,6,1,4,1,Balloon
E_MAT_L034_Q336,34,Even - Odd,Find the ODD number,5,8,2,6,5,Balloon
E_MAT_L034_Q337,34,Even - Odd,Find the ODD number,4,10,7,2,7,Balloon
E_MAT_L034_Q338,34,Even - Odd,Find the ODD number,6,1,8,10,1,Balloon
E_MAT_L034_Q339,34,Even - Odd,Find the ODD number,2,8,9,4,9,Balloon
E_MAT_L034_Q340,34,Even - Odd,Find the ODD number,6,10,3,8,3,Balloon
E_MAT_L035_Q341,35,Even - Odd,Find the EVEN number.,13,17,24,29,24,Balloon
E_MAT_L035_Q342,35,Even - Odd,Find the EVEN number.,11,20,25,27,20,Balloon
E_MAT_L035_Q343,35,Even - Odd,Find the EVEN number.,19,23,28,15,28,Balloon
E_MAT_L035_Q344,35,Even - Odd,Find the EVEN number.,14,21,27,29,14,Balloon
E_MAT_L035_Q345,35,Even - Odd,Find the EVEN number.,17,26,19,25,26,Balloon
E_MAT_L035_Q346,35,Even - Odd,Find the EVEN number.,13,15,22,29,22,Balloon
E_MAT_L035_Q347,35,Even - Odd,Find the EVEN number.,21,24,27,11,24,Balloon
E_MAT_L035_Q348,35,Even - Odd,Find the EVEN number.,19,25,30,23,30,Balloon
E_MAT_L035_Q349,35,Even - Odd,Find the EVEN number.,16,13,21,29,16,Balloon
E_MAT_L035_Q350,35,Even - Odd,Find the EVEN number.,11,18,23,27,18,Balloon
E_MAT_L036_Q351,36,Even - Odd,Find the EVEN number.,15,17,26,29,26,Balloon
E_MAT_L036_Q352,36,Even - Odd,Find the EVEN number.,21,28,13,19,28,Balloon
E_MAT_L036_Q353,36,Even - Odd,Find the EVEN number.,23,14,27,29,14,Balloon
E_MAT_L036_Q354,36,Even - Odd,Find the EVEN number.,17,19,25,20,20,Balloon
E_MAT_L036_Q355,36,Even - Odd,Find the EVEN number.,11,22,15,27,22,Balloon
E_MAT_L036_Q356,36,Even - Odd,Find the EVEN number.,23,29,12,17,12,Balloon
E_MAT_L036_Q357,36,Even - Odd,Find the EVEN number.,15,21,30,27,30,Balloon
E_MAT_L036_Q358,36,Even - Odd,Find the EVEN number.,19,24,11,25,24,Balloon
E_MAT_L036_Q359,36,Even - Odd,Find the EVEN number.,13,27,16,23,16,Balloon
E_MAT_L036_Q360,36,Even - Odd,Find the EVEN number.,25,29,18,21,18,Balloon
E_MAT_L037_Q361,37,Even - Odd,Find the ODD number.,12,18,23,26,23,Balloon
E_MAT_L037_Q362,37,Even - Odd,Find the ODD number.,14,21,28,30,21,Balloon
E_MAT_L037_Q363,37,Even - Odd,Find the ODD number.,16,24,27,30,27,Balloon
E_MAT_L037_Q364,37,Even - Odd,Find the ODD number.,12,19,22,28,19,Balloon
E_MAT_L037_Q365,37,Even - Odd,Find the ODD number.,26,15,18,24,15,Balloon
E_MAT_L037_Q366,37,Even - Odd,Find the ODD number.,14,20,25,28,25,Balloon
E_MAT_L037_Q367,37,Even - Odd,Find the ODD number.,18,21,26,30,21,Balloon
E_MAT_L037_Q368,37,Even - Odd,Find the ODD number.,12,16,29,24,29,Balloon
E_MAT_L037_Q369,37,Even - Odd,Find the ODD number.,20,27,22,28,27,Balloon
E_MAT_L037_Q370,37,Even - Odd,Find the ODD number.,14,18,23,26,23,Balloon
E_MAT_L038_Q371,38,Even - Odd,Find the ODD number.,16,25,20,28,25,Balloon
E_MAT_L038_Q372,38,Even - Odd,Find the ODD number.,22,24,17,30,17,Balloon
E_MAT_L038_Q373,38,Even - Odd,Find the ODD number.,18,26,29,20,29,Balloon
E_MAT_L038_Q374,38,Even - Odd,Find the ODD number.,12,21,28,30,21,Balloon
E_MAT_L038_Q375,38,Even - Odd,Find the ODD number.,24,27,16,22,27,Balloon
E_MAT_L038_Q376,38,Even - Odd,Find the ODD number.,20,14,19,26,19,Balloon
E_MAT_L038_Q377,38,Even - Odd,Find the ODD number.,28,15,22,18,15,Balloon
E_MAT_L038_Q378,38,Even - Odd,Find the ODD number.,16,23,30,26,23,Balloon
E_MAT_L038_Q379,38,Even - Odd,Find the ODD number.,24,29,12,18,29,Balloon
E_MAT_L038_Q380,38,Even - Odd,Find the ODD number.,26,20,13,28,13,Balloon
E_MAT_L039_Q381,39,Even - Odd,Find the EVEN number.,33,41,46,49,46,Balloon
E_MAT_L039_Q382,39,Even - Odd,Find the EVEN number.,37,44,45,49,44,Balloon
E_MAT_L039_Q383,39,Even - Odd,Find the EVEN number.,31,39,42,47,42,Balloon
E_MAT_L039_Q384,39,Even - Odd,Find the EVEN number.,35,43,48,49,48,Balloon
E_MAT_L039_Q385,39,Even - Odd,Find the EVEN number.,32,37,41,45,32,Balloon
E_MAT_L039_Q386,39,Even - Odd,Find the EVEN number.,39,47,50,43,50,Balloon
E_MAT_L039_Q387,39,Even - Odd,Find the EVEN number.,35,40,45,49,40,Balloon
E_MAT_L039_Q388,39,Even - Odd,Find the EVEN number.,31,36,43,47,36,Balloon
E_MAT_L039_Q389,39,Even - Odd,Find the EVEN number.,33,41,44,49,44,Balloon
E_MAT_L039_Q390,39,Even - Odd,Find the EVEN number.,37,42,45,49,42,Balloon
E_MAT_L040_Q391,40,Even - Odd,Find the EVEN number.,31,38,43,47,38,Balloon
E_MAT_L040_Q392,40,Even - Odd,Find the EVEN number.,35,41,46,49,46,Balloon
E_MAT_L040_Q393,40,Even - Odd,Find the EVEN number.,39,44,47,50,44,Balloon
E_MAT_L040_Q394,40,Even - Odd,Find the EVEN number.,33,37,40,45,40,Balloon
E_MAT_L040_Q395,40,Even - Odd,Find the EVEN number.,31,43,48,49,48,Balloon
E_MAT_L040_Q396,40,Even - Odd,Find the EVEN number.,35,42,41,47,42,Balloon
E_MAT_L040_Q397,40,Even - Odd,Find the EVEN number.,37,45,50,33,50,Balloon
E_MAT_L040_Q398,40,Even - Odd,Find the EVEN number.,39,46,31,43,46,Balloon
E_MAT_L040_Q399,40,Even - Odd,Find the EVEN number.,41,44,35,49,44,Balloon
E_MAT_L040_Q400,40,Even - Odd,Find the EVEN number.,33,48,37,45,48,Balloon
E_MAT_L041_Q401,41,Even - Odd,Find the ODD number.,32,37,44,48,37,Balloon
E_MAT_L041_Q402,41,Even - Odd,Find the ODD number.,36,41,46,50,41,Balloon
E_MAT_L041_Q403,41,Even - Odd,Find the ODD number.,34,38,45,48,45,Balloon
E_MAT_L041_Q404,41,Even - Odd,Find the ODD number.,31,40,44,48,31,Balloon
E_MAT_L041_Q405,41,Even - Odd,Find the ODD number.,42,47,36,50,47,Balloon
E_MAT_L041_Q406,41,Even - Odd,Find the ODD number.,34,39,46,48,39,Balloon
E_MAT_L041_Q407,41,Even - Odd,Find the ODD number.,32,35,42,50,35,Balloon
E_MAT_L041_Q408,41,Even - Odd,Find the ODD number.,38,43,46,48,43,Balloon
E_MAT_L041_Q409,41,Even - Odd,Find the ODD number.,40,44,49,36,49,Balloon
E_MAT_L041_Q410,41,Even - Odd,Find the ODD number.,34,37,42,46,37,Balloon
E_MAT_L042_Q411,42,Even - Odd,Find the ODD number.,32,41,48,50,41,Balloon
E_MAT_L042_Q412,42,Even - Odd,Find the ODD number.,36,39,44,48,39,Balloon
E_MAT_L042_Q413,42,Even - Odd,Find the ODD number.,40,45,32,46,45,Balloon
E_MAT_L042_Q414,42,Even - Odd,Find the ODD number.,34,38,43,50,43,Balloon
E_MAT_L042_Q415,42,Even - Odd,Find the ODD number.,42,47,36,48,47,Balloon
E_MAT_L042_Q416,42,Even - Odd,Find the ODD number.,32,44,49,40,49,Balloon
E_MAT_L042_Q417,42,Even - Odd,Find the ODD number.,38,41,46,50,41,Balloon
E_MAT_L042_Q418,42,Even - Odd,Find the ODD number.,34,37,44,48,37,Balloon
E_MAT_L042_Q419,42,Even - Odd,Find the ODD number.,36,43,40,50,43,Balloon
E_MAT_L042_Q420,42,Even - Odd,Find the ODD number.,42,45,38,48,45,Balloon
E_MAT_L043_Q421,43,Even - Odd,Find the EVEN number.,53,61,66,69,66,Balloon
E_MAT_L043_Q422,43,Even - Odd,Find the EVEN number.,57,64,65,71,64,Balloon
E_MAT_L043_Q423,43,Even - Odd,Find the EVEN number.,51,59,62,67,62,Balloon
E_MAT_L043_Q424,43,Even - Odd,Find the EVEN number.,55,63,68,69,68,Balloon
E_MAT_L043_Q425,43,Even - Odd,Find the EVEN number.,52,57,61,65,52,Balloon
E_MAT_L043_Q426,43,Even - Odd,Find the EVEN number.,59,67,70,63,70,Balloon
E_MAT_L043_Q427,43,Even - Odd,Find the EVEN number.,55,60,65,69,60,Balloon
E_MAT_L043_Q428,43,Even - Odd,Find the EVEN number.,51,56,63,67,56,Balloon
E_MAT_L043_Q429,43,Even - Odd,Find the EVEN number.,53,61,64,69,64,Balloon
E_MAT_L043_Q430,43,Even - Odd,Find the EVEN number.,57,62,65,69,62,Balloon
E_MAT_L044_Q431,44,Even - Odd,Find the EVEN number.,51,58,63,67,58,Balloon
E_MAT_L044_Q432,44,Even - Odd,Find the EVEN number.,55,61,66,69,66,Balloon
E_MAT_L044_Q433,44,Even - Odd,Find the EVEN number.,59,64,67,70,64,Balloon
E_MAT_L044_Q434,44,Even - Odd,Find the EVEN number.,53,57,60,65,60,Balloon
E_MAT_L044_Q435,44,Even - Odd,Find the EVEN number.,51,63,68,69,68,Balloon
E_MAT_L044_Q436,44,Even - Odd,Find the EVEN number.,55,62,61,67,62,Balloon
E_MAT_L044_Q437,44,Even - Odd,Find the EVEN number.,57,65,70,53,70,Balloon
E_MAT_L044_Q438,44,Even - Odd,Find the EVEN number.,59,66,51,63,66,Balloon
E_MAT_L044_Q439,44,Even - Odd,Find the EVEN number.,61,64,55,69,64,Balloon
E_MAT_L044_Q440,44,Even - Odd,Find the EVEN number.,53,68,57,65,68,Balloon
E_MAT_L045_Q441,45,Even - Odd,Find the ODD number.,52,57,64,68,57,Balloon
E_MAT_L045_Q442,45,Even - Odd,Find the ODD number.,56,61,66,70,61,Balloon
E_MAT_L045_Q443,45,Even - Odd,Find the ODD number.,54,58,65,68,65,Balloon
E_MAT_L045_Q444,45,Even - Odd,Find the ODD number.,51,60,64,68,51,Balloon
E_MAT_L045_Q445,45,Even - Odd,Find the ODD number.,62,67,56,70,67,Balloon
E_MAT_L045_Q446,45,Even - Odd,Find the ODD number.,54,59,66,68,59,Balloon
E_MAT_L045_Q447,45,Even - Odd,Find the ODD number.,52,55,62,70,55,Balloon
E_MAT_L045_Q448,45,Even - Odd,Find the ODD number.,58,63,66,68,63,Balloon
E_MAT_L045_Q449,45,Even - Odd,Find the ODD number.,60,64,69,56,69,Balloon
E_MAT_L045_Q450,45,Even - Odd,Find the ODD number.,54,57,62,66,57,Balloon
E_MAT_L046_Q451,46,Even - Odd,Find the ODD number.,52,61,68,70,61,Balloon
E_MAT_L046_Q452,46,Even - Odd,Find the ODD number.,56,59,64,68,59,Balloon
E_MAT_L046_Q453,46,Even - Odd,Find the ODD number.,60,65,52,66,65,Balloon
E_MAT_L046_Q454,46,Even - Odd,Find the ODD number.,54,58,63,70,63,Balloon
E_MAT_L046_Q455,46,Even - Odd,Find the ODD number.,62,67,56,68,67,Balloon
E_MAT_L046_Q456,46,Even - Odd,Find the ODD number.,52,64,69,60,69,Balloon
E_MAT_L046_Q457,46,Even - Odd,Find the ODD number.,58,61,66,70,61,Balloon
E_MAT_L046_Q458,46,Even - Odd,Find the ODD number.,54,57,64,68,57,Balloon
E_MAT_L046_Q459,46,Even - Odd,Find the ODD number.,56,63,60,70,63,Balloon
E_MAT_L046_Q460,46,Even - Odd,Find the ODD number.,62,65,58,68,65,Balloon
E_MAT_L047_Q461,47,Addition,2 + 3 =,4,5,6,7,5,Balloon
E_MAT_L047_Q462,47,Addition,4 + 5 =,8,9,7,6,9,Balloon
E_MAT_L047_Q463,47,Addition,1 + 6 =,5,6,7,8,7,Balloon
E_MAT_L047_Q464,47,Addition,3 + 4 =,6,7,8,9,7,Balloon
E_MAT_L047_Q465,47,Addition,2 + 6 =,7,8,9,6,8,Balloon
E_MAT_L047_Q466,47,Addition,1 + 8 =,8,9,7,6,9,Balloon
E_MAT_L047_Q467,47,Addition,4 + 4 =,7,8,9,6,8,Balloon
E_MAT_L047_Q468,47,Addition,3 + 5 =,6,7,8,9,8,Balloon
E_MAT_L047_Q469,47,Addition,2 + 7 =,8,9,7,6,9,Balloon
E_MAT_L047_Q470,47,Addition,1 + 5 =,5,6,7,8,6,Balloon
E_MAT_L048_Q471,48,Addition,4 + 3 =,6,7,8,9,7,Balloon
E_MAT_L048_Q472,48,Addition,2 + 5 =,6,7,8,9,7,Balloon
E_MAT_L048_Q473,48,Addition,3 + 6 =,8,9,7,6,9,Balloon
E_MAT_L048_Q474,48,Addition,1 + 7 =,7,8,9,6,8,Balloon
E_MAT_L048_Q475,48,Addition,4 + 2 =,5,6,7,8,6,Balloon
E_MAT_L048_Q476,48,Addition,3 + 3 =,5,6,7,8,6,Balloon
E_MAT_L048_Q477,48,Addition,2 + 4 =,5,6,7,8,6,Balloon
E_MAT_L048_Q478,48,Addition,1 + 4 =,4,5,6,7,5,Balloon
E_MAT_L048_Q479,48,Addition,3 + 2 =,4,5,6,7,5,Balloon
E_MAT_L048_Q480,48,Addition,4 + 1 =,4,5,6,7,5,Balloon
E_MAT_L049_Q481,49,Addition,0 + 5 =,4,5,6,7,5,Balloon
E_MAT_L049_Q482,49,Addition,0 + 7 =,6,7,8,9,7,Balloon
E_MAT_L049_Q483,49,Addition,1 + 3 =,3,4,5,6,4,Balloon
E_MAT_L049_Q484,49,Addition,2 + 2 =,3,4,5,6,4,Balloon
E_MAT_L049_Q485,49,Addition,0 + 8 =,7,8,9,6,8,Balloon
E_MAT_L049_Q486,49,Addition,3 + 1 =,3,4,5,6,4,Balloon
E_MAT_L049_Q487,49,Addition,0 + 6 =,5,6,7,8,6,Balloon
E_MAT_L049_Q488,49,Addition,2 + 3 =,4,5,6,7,5,Balloon
E_MAT_L049_Q489,49,Addition,1 + 2 =,2,3,4,5,3,Balloon
E_MAT_L049_Q490,49,Addition,0 + 9 =,8,9,7,6,9,Balloon
E_MAT_L050_Q491,50,Addition,0 + 4 =,3,4,5,6,4,Balloon
E_MAT_L050_Q492,50,Addition,1 + 1 =,1,2,3,4,2,Balloon
E_MAT_L050_Q493,50,Addition,2 + 1 =,2,3,4,5,3,Balloon
E_MAT_L050_Q494,50,Addition,4 + 0 =,3,4,5,6,4,Balloon
E_MAT_L050_Q495,50,Addition,5 + 1 =,5,6,7,8,6,Balloon
E_MAT_L050_Q496,50,Addition,2 + 2 =,3,4,5,6,4,Balloon
E_MAT_L050_Q497,50,Addition,3 + 0 =,2,3,4,5,3,Balloon
E_MAT_L050_Q498,50,Addition,4 + 1 =,4,5,6,7,5,Balloon
E_MAT_L050_Q499,50,Addition,5 + 2 =,6,7,8,9,7,Balloon
E_MAT_L050_Q500,50,Addition,6 + 1 =,6,7,8,9,7,Balloon
E_MAT_L051_Q501,51,Addition,3 + 3 =,5,6,7,8,6,Balloon
E_MAT_L051_Q502,51,Addition,4 + 2 =,5,6,7,8,6,Balloon
E_MAT_L051_Q503,51,Addition,5 + 3 =,7,8,9,6,8,Balloon
E_MAT_L051_Q504,51,Addition,6 + 2 =,7,8,9,6,8,Balloon
E_MAT_L051_Q505,51,Addition,7 + 1 =,7,8,9,6,8,Balloon
E_MAT_L051_Q506,51,Addition,3 + 4 =,6,7,8,9,7,Balloon
E_MAT_L051_Q507,51,Addition,5 + 4 =,8,9,7,6,9,Balloon
E_MAT_L051_Q508,51,Addition,6 + 3 =,8,9,7,6,9,Balloon
E_MAT_L051_Q509,51,Addition,7 + 2 =,8,9,7,6,9,Balloon
E_MAT_L051_Q510,51,Addition,8 + 1 =,8,9,7,6,9,Balloon
E_MAT_L052_Q511,52,Addition,4 + 3 =,6,7,8,9,7,Balloon
E_MAT_L052_Q512,52,Addition,5 + 0 =,4,5,6,7,5,Balloon
E_MAT_L052_Q513,52,Addition,6 + 0 =,5,6,7,8,6,Balloon
E_MAT_L052_Q514,52,Addition,7 + 0 =,6,7,8,9,7,Balloon
E_MAT_L052_Q515,52,Addition,8 + 0 =,7,8,9,6,8,Balloon
E_MAT_L052_Q516,52,Addition,9 + 0 =,8,9,7,6,9,Balloon
E_MAT_L052_Q517,52,Addition,2 + 0 =,1,2,3,4,2,Balloon
E_MAT_L052_Q518,52,Addition,3 + 2 =,4,5,6,7,5,Balloon
E_MAT_L052_Q519,52,Addition,4 + 4 =,7,8,9,6,8,Balloon
E_MAT_L052_Q520,52,Addition,5 + 4 =,8,9,7,6,9,Balloon
E_MAT_L053_Q521,53,Jump by 10,10 + 0 =,8,10,12,9,10,Balloon
E_MAT_L053_Q522,53,Jump by 10,10 + 1 =,9,11,12,8,11,Balloon
E_MAT_L053_Q523,53,Jump by 10,10 + 2 =,11,12,13,9,12,Balloon
E_MAT_L053_Q524,53,Jump by 10,10 + 3 =,12,14,13,11,13,Balloon
E_MAT_L053_Q525,53,Jump by 10,10 + 4 =,13,15,14,12,14,Balloon
E_MAT_L053_Q526,53,Jump by 10,10 + 5 =,14,16,15,13,15,Balloon
E_MAT_L053_Q527,53,Jump by 10,10 + 6 =,15,17,16,14,16,Balloon
E_MAT_L053_Q528,53,Jump by 10,10 + 7 =,16,18,17,15,17,Balloon
E_MAT_L053_Q529,53,Jump by 10,10 + 8 =,17,19,18,16,18,Balloon
E_MAT_L053_Q530,53,Jump by 10,10 + 9 =,18,20,19,17,19,Balloon
E_MAT_L054_Q531,54,Jump by 10,10 + 10 =,19,21,20,18,20,Balloon
E_MAT_L054_Q532,54,Jump by 10,3 + 10 =,12,13,14,11,13,Balloon
E_MAT_L054_Q533,54,Jump by 10,7 + 10 =,16,17,18,15,17,Balloon
E_MAT_L054_Q534,54,Jump by 10,1 + 10 =,10,11,12,9,11,Balloon
E_MAT_L054_Q535,54,Jump by 10,9 + 10 =,18,19,20,17,19,Balloon
E_MAT_L054_Q536,54,Jump by 10,4 + 10 =,13,14,15,12,14,Balloon
E_MAT_L054_Q537,54,Jump by 10,6 + 10 =,15,16,17,14,16,Balloon
E_MAT_L054_Q538,54,Jump by 10,2 + 10 =,11,12,13,10,12,Balloon
E_MAT_L054_Q539,54,Jump by 10,8 + 10 =,17,18,19,16,18,Balloon
E_MAT_L054_Q540,54,Jump by 10,5 + 10 =,14,15,16,13,15,Balloon
E_MAT_L055_Q541,55,Jump by 10,10 + 1 =,10,12,11,9,11,Balloon
E_MAT_L055_Q542,55,Jump by 10,10 + 4 =,13,14,15,12,14,Balloon
E_MAT_L055_Q543,55,Jump by 10,10 + 7 =,16,18,17,15,17,Balloon
E_MAT_L055_Q544,55,Jump by 10,10 + 2 =,11,13,12,10,12,Balloon
E_MAT_L055_Q545,55,Jump by 10,10 + 9 =,18,20,19,17,19,Balloon
E_MAT_L055_Q546,55,Jump by 10,10 + 5 =,14,16,15,13,15,Balloon
E_MAT_L055_Q547,55,Jump by 10,10 + 3 =,11,13,12,14,13,Balloon
E_MAT_L055_Q548,55,Jump by 10,10 + 8 =,17,19,18,16,18,Balloon
E_MAT_L055_Q549,55,Jump by 10,10 + 6 =,15,17,16,14,16,Balloon
E_MAT_L055_Q550,55,Jump by 10,10 + 0 =,9,11,10,12,10,Balloon
E_MAT_L056_Q551,56,Jump by 10,2 + 10 =,11,12,13,14,12,Balloon
E_MAT_L056_Q552,56,Jump by 10,6 + 10 =,15,16,17,14,16,Balloon
E_MAT_L056_Q553,56,Jump by 10,9 + 10 =,18,19,17,20,19,Balloon
E_MAT_L056_Q554,56,Jump by 10,3 + 10 =,12,14,13,11,13,Balloon
E_MAT_L056_Q555,56,Jump by 10,8 + 10 =,16,18,19,17,18,Balloon
E_MAT_L056_Q556,56,Jump by 10,1 + 10 =,11,10,12,13,11,Balloon
E_MAT_L056_Q557,56,Jump by 10,5 + 10 =,14,15,16,13,15,Balloon
E_MAT_L056_Q558,56,Jump by 10,7 + 10 =,16,17,18,15,17,Balloon
E_MAT_L056_Q559,56,Jump by 10,4 + 10 =,12,14,15,13,14,Balloon
E_MAT_L056_Q560,56,Jump by 10,10 + 10 =,19,20,21,18,20,Balloon
E_MAT_L057_Q561,57,Jump by 10,10 + 10 =,18,20,22,19,20,Balloon
E_MAT_L057_Q562,57,Jump by 10,15 + 10 =,24,26,25,23,25,Balloon
E_MAT_L057_Q563,57,Jump by 10,20 + 10 =,28,30,32,29,30,Balloon
E_MAT_L057_Q564,57,Jump by 10,27 + 10 =,36,37,38,35,37,Balloon
E_MAT_L057_Q565,57,Jump by 10,34 + 10 =,43,44,45,42,44,Balloon
E_MAT_L057_Q566,57,Jump by 10,41 + 10 =,50,51,52,49,51,Balloon
E_MAT_L057_Q567,57,Jump by 10,48 + 10 =,57,58,59,56,58,Balloon
E_MAT_L057_Q568,57,Jump by 10,53 + 10 =,62,63,64,61,63,Balloon
E_MAT_L057_Q569,57,Jump by 10,60 + 10 =,68,70,72,69,70,Balloon
E_MAT_L057_Q570,57,Jump by 10,67 + 10 =,76,77,78,75,77,Balloon
E_MAT_L058_Q571,58,Jump by 10,72 + 10 =,81,82,83,80,82,Balloon
E_MAT_L058_Q572,58,Jump by 10,79 + 10 =,88,89,90,87,89,Balloon
E_MAT_L058_Q573,58,Jump by 10,84 + 10 =,93,94,95,92,94,Balloon
E_MAT_L058_Q574,58,Jump by 10,91 + 10 =,100,101,102,99,101,Balloon
E_MAT_L058_Q575,58,Jump by 10,18 + 10 =,27,28,29,26,28,Balloon
E_MAT_L058_Q576,58,Jump by 10,25 + 10 =,34,35,36,33,35,Balloon
E_MAT_L058_Q577,58,Jump by 10,39 + 10 =,48,49,50,47,49,Balloon
E_MAT_L058_Q578,58,Jump by 10,46 + 10 =,55,56,57,54,56,Balloon
E_MAT_L058_Q579,58,Jump by 10,63 + 10 =,72,73,74,71,73,Balloon
E_MAT_L058_Q580,58,Jump by 10,88 + 10 =,97,98,99,96,98,Balloon
E_MAT_L059_Q581,59,Jump by 10,12 + 10 =,20,22,24,21,22,Balloon
E_MAT_L059_Q582,59,Jump by 10,16 + 10 =,25,26,27,24,26,Balloon
E_MAT_L059_Q583,59,Jump by 10,23 + 10 =,32,33,34,31,33,Balloon
E_MAT_L059_Q584,59,Jump by 10,29 + 10 =,38,39,40,37,39,Balloon
E_MAT_L059_Q585,59,Jump by 10,31 + 10 =,40,41,42,39,41,Balloon
E_MAT_L059_Q586,59,Jump by 10,36 + 10 =,45,46,47,44,46,Balloon
E_MAT_L059_Q587,59,Jump by 10,42 + 10 =,51,52,53,50,52,Balloon
E_MAT_L059_Q588,59,Jump by 10,47 + 10 =,56,57,58,55,57,Balloon
E_MAT_L059_Q589,59,Jump by 10,51 + 10 =,60,61,62,59,61,Balloon
E_MAT_L059_Q590,59,Jump by 10,55 + 10 =,64,65,66,63,65,Balloon
E_MAT_L060_Q591,60,Jump by 10,59 + 10 =,68,69,70,67,69,Balloon
E_MAT_L060_Q592,60,Jump by 10,64 + 10 =,73,74,75,72,74,Balloon
E_MAT_L060_Q593,60,Jump by 10,69 + 10 =,78,79,80,77,79,Balloon
E_MAT_L060_Q594,60,Jump by 10,74 + 10 =,83,84,85,82,84,Balloon
E_MAT_L060_Q595,60,Jump by 10,78 + 10 =,87,88,89,86,88,Balloon
E_MAT_L060_Q596,60,Jump by 10,82 + 10 =,91,92,93,90,92,Balloon
E_MAT_L060_Q597,60,Jump by 10,86 + 10 =,95,96,97,94,96,Balloon
E_MAT_L060_Q598,60,Jump by 10,90 + 10 =,99,100,101,98,100,Balloon
E_MAT_L060_Q599,60,Jump by 10,95 + 10 =,104,105,106,103,105,Balloon
E_MAT_L060_Q600,60,Jump by 10,100 + 10 =,108,109,110,111,110,Balloon
E_MAT_L061_Q601,61,Jump by 10,14 + 10 =,23,24,25,22,24,Balloon
E_MAT_L061_Q602,61,Jump by 10,21 + 10 =,30,31,32,29,31,Balloon
E_MAT_L061_Q603,61,Jump by 10,33 + 10 =,42,43,44,41,43,Balloon
E_MAT_L061_Q604,61,Jump by 10,45 + 10 =,54,55,56,53,55,Balloon
E_MAT_L061_Q605,61,Jump by 10,57 + 10 =,66,67,68,65,67,Balloon
E_MAT_L061_Q606,61,Jump by 10,62 + 10 =,71,72,73,70,72,Balloon
E_MAT_L061_Q607,61,Jump by 10,71 + 10 =,80,81,82,79,81,Balloon
E_MAT_L061_Q608,61,Jump by 10,83 + 10 =,92,93,94,91,93,Balloon
E_MAT_L061_Q609,61,Jump by 10,89 + 10 =,98,99,100,97,99,Balloon
E_MAT_L061_Q610,61,Jump by 10,97 + 10 =,106,107,108,105,107,Balloon
E_MAT_L062_Q611,62,Jump by 10,11 + 10 =,20,21,22,23,21,Balloon
E_MAT_L062_Q612,62,Jump by 10,19 + 10 =,28,29,30,31,29,Balloon
E_MAT_L062_Q613,62,Jump by 10,26 + 10 =,35,36,37,38,36,Balloon
E_MAT_L062_Q614,62,Jump by 10,38 + 10 =,47,48,49,50,48,Balloon
E_MAT_L062_Q615,62,Jump by 10,44 + 10 =,53,54,55,56,54,Balloon
E_MAT_L062_Q616,62,Jump by 10,52 + 10 =,61,62,63,64,62,Balloon
E_MAT_L062_Q617,62,Jump by 10,61 + 10 =,70,71,72,73,71,Balloon
E_MAT_L062_Q618,62,Jump by 10,73 + 10 =,82,83,84,85,83,Balloon
E_MAT_L062_Q619,62,Jump by 10,85 + 10 =,94,95,96,97,95,Balloon
E_MAT_L062_Q620,62,Jump by 10,94 + 10 =,103,104,105,106,104,Balloon
