id,Level,Topic,Question,Option1,Option2,Option3,Option4,Correct_Option,QuestionType,QuestionData,PassageId,Subscription
F_ENG_L125_Q1242,1,Build the Sentence,Arrange the words to make a sentence.,,,,,I|am|happy|.,rearrange,happy|I|am|.,,Free
F_ENG_L125_Q1243,1,Build the Sentence,Arrange the words to make a sentence.,,,,,I|am|sad|.,rearrange,sad|I|am|.,,Free
F_ENG_L125_Q1244,1,Build the Sentence,Arrange the words to make a sentence.,,,,,I|am|tall|.,rearrange,tall|I|am|.,,Free
F_ENG_L125_Q1245,1,Build the Sentence,Arrange the words to make a sentence.,,,,,I|am|six|.,rearrange,six|I|am|.,,Free
F_ENG_L125_Q1246,1,Build the Sentence,Arrange the words to make a sentence.,,,,,I|can|run|.,rearrange,run|I|can|.,,Free
F_ENG_L125_Q1247,1,Build the Sentence,Arrange the words to make a sentence.,,,,,I|can|jump|.,rearrange,jump|I|can|.,,Free
F_ENG_L125_Q1248,1,Build the Sentence,Arrange the words to make a sentence.,,,,,I|can|swim|.,rearrange,swim|I|can|.,,Free
F_ENG_L125_Q1249,1,Build the Sentence,Arrange the words to make a sentence.,,,,,I|can|read|.,rearrange,read|I|can|.,,Free
F_ENG_L125_Q1250,1,Build the Sentence,Arrange the words to make a sentence.,,,,,I|like|milk|.,rearrange,milk|I|like|.,,Free
F_ENG_L126_Q1251,1,Build the Sentence,Arrange the words to make a sentence.,,,,,I|like|rice|.,rearrange,rice|I|like|.,,Free
F_ENG_L126_Q1252,2,Build the Sentence,Arrange the words to make a sentence.,,,,,I|like|apples|.,rearrange,apples|I|like|.,,Free
F_ENG_L126_Q1253,2,Build the Sentence,Arrange the words to make a sentence.,,,,,I|like|cats|.,rearrange,cats|I|like|.,,Free
F_ENG_L126_Q1254,2,Build the Sentence,Arrange the words to make a sentence.,,,,,I|have|a|pen|.,rearrange,pen|a|I|have|.,,Free
F_ENG_L126_Q1255,2,Build the Sentence,Arrange the words to make a sentence.,,,,,I|have|a|bag|.,rearrange,bag|a|I|have|.,,Free
F_ENG_L126_Q1256,2,Build the Sentence,Arrange the words to make a sentence.,,,,,I|have|a|book|.,rearrange,book|a|I|have|.,,Free
F_ENG_L126_Q1257,2,Build the Sentence,Arrange the words to make a sentence.,,,,,I|have|a|ball|.,rearrange,ball|a|I|have|.,,Free
F_ENG_L126_Q1258,2,Build the Sentence,Arrange the words to make a sentence.,,,,,This|is|a|cat|.,rearrange,cat|a|This|is|.,,Free
F_ENG_L126_Q1259,2,Build the Sentence,Arrange the words to make a sentence.,,,,,This|is|a|dog|.,rearrange,dog|a|This|is|.,,Free
F_ENG_L126_Q1260,2,Build the Sentence,Arrange the words to make a sentence.,,,,,This|is|a|hat|.,rearrange,hat|a|This|is|.,,Free
F_ENG_L127_Q1261,2,Build the Sentence,Arrange the words to make a sentence.,,,,,This|is|a|car|.,rearrange,car|a|This|is|.,,Free
F_ENG_L127_Q1262,3,Build the Sentence,Arrange the words to make a sentence.,,,,,It|is|a|sun|.,rearrange,sun|a|It|is|.,,Free
F_ENG_L127_Q1263,3,Build the Sentence,Arrange the words to make a sentence.,,,,,It|is|big|.,rearrange,big|It|is|.,,Free
F_ENG_L127_Q1264,3,Build the Sentence,Arrange the words to make a sentence.,,,,,It|is|red|.,rearrange,red|It|is|.,,Free
F_ENG_L127_Q1265,3,Build the Sentence,Arrange the words to make a sentence.,,,,,It|is|hot|.,rearrange,hot|It|is|.,,Free
F_ENG_L127_Q1266,3,Build the Sentence,Arrange the words to make a sentence.,,,,,The|sun|is|hot|.,rearrange,hot|The|is|sun|.,,Free
F_ENG_L127_Q1267,3,Build the Sentence,Arrange the words to make a sentence.,,,,,The|sky|is|blue|.,rearrange,blue|The|is|sky|.,,Free
F_ENG_L127_Q1268,3,Build the Sentence,Arrange the words to make a sentence.,,,,,The|cat|is|small|.,rearrange,small|The|is|cat|.,,Free
F_ENG_L127_Q1269,3,Build the Sentence,Arrange the words to make a sentence.,,,,,The|dog|is|big|.,rearrange,big|The|is|dog|.,,Free
F_ENG_L127_Q1270,3,Build the Sentence,Arrange the words to make a sentence.,,,,,The|ball|is|round|.,rearrange,round|The|is|ball|.,,Free
F_ENG_L128_Q1271,3,Build the Sentence,Arrange the words to make a sentence.,,,,,The|flower|is|pretty|.,rearrange,pretty|The|is|flower|.,,Free
F_ENG_L128_Q1272,4,Build the Sentence,Arrange the words to make a sentence.,,,,,I|see|a|bird|.,rearrange,bird|a|I|see|.,,Free
F_ENG_L128_Q1273,4,Build the Sentence,Arrange the words to make a sentence.,,,,,I|see|a|fish|.,rearrange,fish|a|I|see|.,,Free
F_ENG_L128_Q1274,4,Build the Sentence,Arrange the words to make a sentence.,,,,,I|see|a|tree|.,rearrange,tree|a|I|see|.,,Free
F_ENG_L128_Q1275,4,Build the Sentence,Arrange the words to make a sentence.,,,,,I|see|a|car|.,rearrange,car|a|I|see|.,,Free
F_ENG_L128_Q1276,4,Build the Sentence,Arrange the words to make a sentence.,,,,,He|is|my|friend|.,rearrange,friend|my|He|is|.,,Free
F_ENG_L128_Q1277,4,Build the Sentence,Arrange the words to make a sentence.,,,,,She|is|my|friend|.,rearrange,friend|my|She|is|.,,Free
F_ENG_L128_Q1278,4,Build the Sentence,Arrange the words to make a sentence.,,,,,He|has|a|dog|.,rearrange,dog|a|He|has|.,,Free
F_ENG_L128_Q1279,4,Build the Sentence,Arrange the words to make a sentence.,,,,,She|has|a|cat|.,rearrange,cat|a|She|has|.,,Free
F_ENG_L128_Q1280,4,Build the Sentence,Arrange the words to make a sentence.,,,,,We|are|friends|.,rearrange,friends|We|are|.,,Free
F_ENG_L129_Q1281,4,Build the Sentence,Arrange the words to make a sentence.,,,,,We|are|happy|.,rearrange,happy|We|are|.,,Free
F_ENG_L129_Q1282,5,Build the Sentence,Arrange the words to make a sentence.,,,,,They|are|happy|.,rearrange,happy|They|are|.,,Free
F_ENG_L129_Q1283,5,Build the Sentence,Arrange the words to make a sentence.,,,,,They|are|friends|.,rearrange,friends|They|are|.,,Free
F_ENG_L129_Q1284,5,Build the Sentence,Arrange the words to make a sentence.,,,,,My|name|is|Rita|.,rearrange,Rita|is|My|name|.,,Free
F_ENG_L129_Q1285,5,Build the Sentence,Arrange the words to make a sentence.,,,,,My|name|is|Tom|.,rearrange,Tom|is|My|name|.,,Free
F_ENG_L129_Q1286,5,Build the Sentence,Arrange the words to make a sentence.,,,,,My|bag|is|blue|.,rearrange,blue|is|My|bag|.,,Free
F_ENG_L129_Q1287,5,Build the Sentence,Arrange the words to make a sentence.,,,,,My|book|is|new|.,rearrange,new|is|My|book|.,,Free
F_ENG_L129_Q1288,5,Build the Sentence,Arrange the words to make a sentence.,,,,,The|boy|can|run|.,rearrange,run|can|The|boy|.,,Free
F_ENG_L129_Q1289,5,Build the Sentence,Arrange the words to make a sentence.,,,,,The|girl|can|jump|.,rearrange,jump|can|The|girl|.,,Free
F_ENG_L129_Q1290,5,Build the Sentence,Arrange the words to make a sentence.,,,,,The|bird|can|fly|.,rearrange,fly|can|The|bird|.,,Free
F_ENG_L130_Q1291,5,Build the Sentence,Arrange the words to make a sentence.,,,,,The|fish|can|swim|.,rearrange,swim|can|The|fish|.,,Free
F_ENG_L130_Q1292,6,Build the Sentence,Arrange the words to make a sentence.,,,,,The|baby|is|sleeping|.,rearrange,sleeping|The|is|baby|.,,Free
F_ENG_L130_Q1293,6,Build the Sentence,Arrange the words to make a sentence.,,,,,The|baby|is|small|.,rearrange,small|The|is|baby|.,,Free
F_ENG_L130_Q1294,6,Build the Sentence,Arrange the words to make a sentence.,,,,,The|boy|is|happy|.,rearrange,happy|The|boy|is|.,,Free
F_ENG_L130_Q1295,6,Build the Sentence,Arrange the words to make a sentence.,,,,,The|girl|is|kind|.,rearrange,kind|The|girl|is|.,,Free
F_ENG_L130_Q1296,6,Build the Sentence,Arrange the words to make a sentence.,,,,,We|play|with|a|ball|.,rearrange,ball|with|We|a|play|.,,Free
F_ENG_L130_Q1297,6,Build the Sentence,Arrange the words to make a sentence.,,,,,I|play|with|my|dog|.,rearrange,my|dog|I|with|play|.,,Free
F_ENG_L130_Q1298,6,Build the Sentence,Arrange the words to make a sentence.,,,,,The|cat|likes|milk|.,rearrange,milk|The|likes|cat|.,,Free
F_ENG_L130_Q1299,6,Build the Sentence,Arrange the words to make a sentence.,,,,,The|dog|likes|meat|.,rearrange,meat|The|likes|dog|.,,Free
F_ENG_L130_Q1300,6,Build the Sentence,Arrange the words to make a sentence.,,,,,Birds|can|fly|high|.,rearrange,high|fly|Birds|can|.,,Free
F_ENG_L131_Q1301,6,Build the Sentence,Arrange the words to make a sentence.,,,,,Fish|can|swim|fast|.,rearrange,fast|swim|Fish|can|.,,Free
F_ENG_L131_Q1302,7,Build the Sentence,Arrange the words to make a sentence.,,,,,I|eat|an|apple|.,rearrange,apple|an|I|eat|.,,Free
F_ENG_L131_Q1303,7,Build the Sentence,Arrange the words to make a sentence.,,,,,I|drink|some|water|.,rearrange,some|water|I|drink|.,,Free
F_ENG_L131_Q1304,7,Build the Sentence,Arrange the words to make a sentence.,,,,,I|see|the|moon|.,rearrange,the|moon|I|see|.,,Free
F_ENG_L131_Q1305,7,Build the Sentence,Arrange the words to make a sentence.,,,,,I|love|my|family|.,rearrange,my|family|I|love|.,,Free
F_ENG_L131_Q1306,7,Build the Sentence,Arrange the words to make a sentence.,,,,,I|help|my|mother|.,rearrange,my|mother|I|help|.,,Free
F_ENG_L131_Q1307,7,Build the Sentence,Arrange the words to make a sentence.,,,,,I|wash|my|hands|.,rearrange,my|hands|I|wash|.,,Free
F_ENG_L131_Q1308,7,Build the Sentence,Arrange the words to make a sentence.,,,,,I|brush|my|teeth|.,rearrange,my|teeth|I|brush|.,,Free
F_ENG_L131_Q1309,7,Build the Sentence,Arrange the words to make a sentence.,,,,,I|wear|my|shoes|.,rearrange,my|shoes|I|wear|.,,Free
F_ENG_L131_Q1310,7,Build the Sentence,Arrange the words to make a sentence.,,,,,We|go|to|school|.,rearrange,to|school|We|go|.,,Free
F_ENG_L132_Q1311,7,Build the Sentence,Arrange the words to make a sentence.,,,,,We|play|at|school|.,rearrange,at|school|We|play|.,,Free
F_ENG_L132_Q1312,8,Build the Sentence,Arrange the words to make a sentence.,,,,,We|read|a|book|.,rearrange,a|book|We|read|.,,Free
F_ENG_L132_Q1313,8,Build the Sentence,Arrange the words to make a sentence.,,,,,We|eat|our|lunch|.,rearrange,our|lunch|We|eat|.,,Free
F_ENG_L132_Q1314,8,Build the Sentence,Arrange the words to make a sentence.,,,,,We|love|our|teacher|.,rearrange,our|teacher|We|love|.,,Free
F_ENG_L132_Q1315,8,Build the Sentence,Arrange the words to make a sentence.,,,,,He|likes|to|run|.,rearrange,to|run|He|likes|.,,Free
F_ENG_L132_Q1316,8,Build the Sentence,Arrange the words to make a sentence.,,,,,He|likes|to|play|.,rearrange,to|play|He|likes|.,,Free
F_ENG_L132_Q1317,8,Build the Sentence,Arrange the words to make a sentence.,,,,,He|has|a|red|ball|.,rearrange,red|ball|a|He|has|.,,Free
F_ENG_L132_Q1318,8,Build the Sentence,Arrange the words to make a sentence.,,,,,He|has|a|blue|cap|.,rearrange,blue|cap|a|He|has|.,,Free
F_ENG_L132_Q1319,8,Build the Sentence,Arrange the words to make a sentence.,,,,,She|likes|to|sing|.,rearrange,to|sing|She|likes|.,,Free
F_ENG_L132_Q1320,8,Build the Sentence,Arrange the words to make a sentence.,,,,,She|likes|to|dance|.,rearrange,to|dance|She|likes|.,,Free
F_ENG_L133_Q1321,8,Build the Sentence,Arrange the words to make a sentence.,,,,,She|has|a|pink|dress|.,rearrange,pink|dress|a|She|has|.,,Free
F_ENG_L133_Q1322,9,Build the Sentence,Arrange the words to make a sentence.,,,,,She|has|a|small|bag|.,rearrange,small|bag|a|She|has|.,,Free
F_ENG_L133_Q1323,9,Build the Sentence,Arrange the words to make a sentence.,,,,,The|dog|runs|fast|.,rearrange,fast|runs|The|dog|.,,Free
F_ENG_L133_Q1324,9,Build the Sentence,Arrange the words to make a sentence.,,,,,The|cat|drinks|milk|.,rearrange,milk|drinks|The|cat|.,,Free
F_ENG_L133_Q1325,9,Build the Sentence,Arrange the words to make a sentence.,,,,,The|bird|eats|seeds|.,rearrange,seeds|eats|The|bird|.,,Free
F_ENG_L133_Q1326,9,Build the Sentence,Arrange the words to make a sentence.,,,,,The|cow|eats|grass|.,rearrange,grass|eats|The|cow|.,,Free
F_ENG_L133_Q1327,9,Build the Sentence,Arrange the words to make a sentence.,,,,,The|rabbit|eats|a|carrot|.,rearrange,a|carrot|The|eats|rabbit|.,,Free
F_ENG_L133_Q1328,9,Build the Sentence,Arrange the words to make a sentence.,,,,,The|monkey|likes|bananas|.,rearrange,bananas|likes|The|monkey|.,,Free
F_ENG_L133_Q1329,9,Build the Sentence,Arrange the words to make a sentence.,,,,,The|lion|is|strong|.,rearrange,strong|is|The|lion|.,,Free
F_ENG_L133_Q1330,9,Build the Sentence,Arrange the words to make a sentence.,,,,,The|elephant|is|big|.,rearrange,big|is|The|elephant|.,,Free
F_ENG_L134_Q1331,9,Build the Sentence,Arrange the words to make a sentence.,,,,,The|turtle|is|slow|.,rearrange,slow|is|The|turtle|.,,Free
F_ENG_L134_Q1332,10,Build the Sentence,Arrange the words to make a sentence.,,,,,The|frog|can|jump|.,rearrange,jump|can|The|frog|.,,Free
F_ENG_L134_Q1333,10,Build the Sentence,Arrange the words to make a sentence.,,,,,The|horse|can|run|.,rearrange,run|can|The|horse|.,,Free
F_ENG_L134_Q1334,10,Build the Sentence,Arrange the words to make a sentence.,,,,,The|duck|can|swim|.,rearrange,swim|can|The|duck|.,,Free
F_ENG_L134_Q1335,10,Build the Sentence,Arrange the words to make a sentence.,,,,,The|bird|sits|on|a|tree|.,rearrange,on|a|tree|The|sits|bird|.,,Free
F_ENG_L134_Q1336,10,Build the Sentence,Arrange the words to make a sentence.,,,,,The|cat|sits|on|the|mat|.,rearrange,on|the|mat|The|sits|cat|.,,Free
F_ENG_L134_Q1337,10,Build the Sentence,Arrange the words to make a sentence.,,,,,The|ball|is|under|the|chair|.,rearrange,under|the|chair|The|is|ball|.,,Free
F_ENG_L134_Q1338,10,Build the Sentence,Arrange the words to make a sentence.,,,,,The|book|is|on|the|desk|.,rearrange,on|the|desk|The|is|book|.,,Free
F_ENG_L134_Q1339,10,Build the Sentence,Arrange the words to make a sentence.,,,,,My|mother|cooks|good|food|.,rearrange,good|food|My|cooks|mother|.,,Free
F_ENG_L134_Q1340,10,Build the Sentence,Arrange the words to make a sentence.,,,,,My|father|reads|a|book|.,rearrange,a|book|My|reads|father|.,,Free
F_ENG_L135_Q1341,10,Build the Sentence,Arrange the words to make a sentence.,,,,,My|sister|plays|with|me|.,rearrange,with|me|My|plays|sister|.,,Free
F_ENG_L135_Q1342,11,Build the Sentence,Arrange the words to make a sentence.,,,,,My|brother|likes|to|play|football|.,rearrange,football|to|My|play|likes|brother|.,,Free
F_ENG_L135_Q1343,11,Build the Sentence,Arrange the words to make a sentence.,,,,,My|sister|likes|to|draw|pictures|.,rearrange,pictures|to|draw|My|likes|sister|.,,Free
F_ENG_L135_Q1344,11,Build the Sentence,Arrange the words to make a sentence.,,,,,I|like|to|play|with|friends|.,rearrange,with|I|friends|to|play|like|.,,Free
F_ENG_L135_Q1345,11,Build the Sentence,Arrange the words to make a sentence.,,,,,I|like|to|read|my|books|.,rearrange,my|books|to|I|read|like|.,,Free
F_ENG_L135_Q1346,11,Build the Sentence,Arrange the words to make a sentence.,,,,,We|like|to|play|in|the|park|.,rearrange,the|park|We|to|play|in|like|.,,Free
F_ENG_L135_Q1347,11,Build the Sentence,Arrange the words to make a sentence.,,,,,We|like|to|walk|in|the|park|.,rearrange,the|park|to|We|walk|like|in|.,,Free
F_ENG_L135_Q1348,11,Build the Sentence,Arrange the words to make a sentence.,,,,,The|boys|play|with|a|ball|.,rearrange,a|ball|The|with|play|boys|.,,Free
F_ENG_L135_Q1349,11,Build the Sentence,Arrange the words to make a sentence.,,,,,The|girls|play|with|a|doll|.,rearrange,a|doll|with|The|girls|play|.,,Free
F_ENG_L135_Q1350,11,Build the Sentence,Arrange the words to make a sentence.,,,,,The|baby|plays|with|a|toy|.,rearrange,a|toy|The|with|plays|baby|.,,Free
F_ENG_L136_Q1351,11,Build the Sentence,Arrange the words to make a sentence.,,,,,The|boy|has|a|green|kite|.,rearrange,green|kite|The|a|boy|has|.,,Free
F_ENG_L136_Q1352,12,Build the Sentence,Arrange the words to make a sentence.,,,,,The|girl|has|a|yellow|hat|.,rearrange,yellow|hat|The|a|girl|has|.,,Free
F_ENG_L136_Q1353,12,Build the Sentence,Arrange the words to make a sentence.,,,,,I|have|a|small|red|bag|.,rearrange,red|bag|I|a|small|have|.,,Free
F_ENG_L136_Q1354,12,Build the Sentence,Arrange the words to make a sentence.,,,,,She|has|a|beautiful|pink|dress|.,rearrange,pink|dress|She|a|beautiful|has|.,,Free
F_ENG_L136_Q1355,12,Build the Sentence,Arrange the words to make a sentence.,,,,,He|has|a|big|blue|ball|.,rearrange,blue|ball|He|a|big|has|.,,Free
F_ENG_L136_Q1356,12,Build the Sentence,Arrange the words to make a sentence.,,,,,The|little|boy|is|very|happy|.,rearrange,very|happy|The|boy|is|little|.,,Free
F_ENG_L136_Q1357,12,Build the Sentence,Arrange the words to make a sentence.,,,,,The|little|girl|is|very|kind|.,rearrange,very|kind|The|girl|is|little|.,,Free
F_ENG_L136_Q1358,12,Build the Sentence,Arrange the words to make a sentence.,,,,,My|new|shoes|are|very|nice|.,rearrange,very|nice|My|are|new|shoes|.,,Free
F_ENG_L136_Q1359,12,Build the Sentence,Arrange the words to make a sentence.,,,,,My|new|bag|is|very|pretty|.,rearrange,very|pretty|My|is|new|bag|.,,Free
F_ENG_L136_Q1360,12,Build the Sentence,Arrange the words to make a sentence.,,,,,The|red|apple|is|very|sweet|.,rearrange,very|sweet|The|is|red|apple|.,,Free
F_ENG_L137_Q1361,12,Build the Sentence,Arrange the words to make a sentence.,,,,,The|yellow|banana|is|very|ripe|.,rearrange,very|ripe|The|is|yellow|banana|.,,Free
F_ENG_L137_Q1362,13,Build the Sentence,Arrange the words to make a sentence.,,,,,I|eat|breakfast|in|the|morning|.,rearrange,the|morning|I|in|eat|breakfast|.,,Free
F_ENG_L137_Q1363,13,Build the Sentence,Arrange the words to make a sentence.,,,,,I|drink|milk|every|morning|at|home|.,rearrange,at|home|I|milk|every|morning|drink|.,,Free
F_ENG_L137_Q1364,13,Build the Sentence,Arrange the words to make a sentence.,,,,,We|eat|lunch|at|school|every|day|.,rearrange,every|school|We|day|at|eat|lunch|.,,Free
F_ENG_L137_Q1365,13,Build the Sentence,Arrange the words to make a sentence.,,,,,I|wash|my|hands|before|I|eat|.,rearrange,before|I|my|eat|hands|I|wash|.,,Free
F_ENG_L137_Q1366,13,Build the Sentence,Arrange the words to make a sentence.,,,,,I|brush|my|teeth|every|morning|.,rearrange,every|my|morning|I|brush|teeth|.,,Free
F_ENG_L137_Q1367,13,Build the Sentence,Arrange the words to make a sentence.,,,,,I|brush|my|teeth|before|bed|.,rearrange,before|my|bed|I|teeth|brush|.,,Free
F_ENG_L137_Q1368,13,Build the Sentence,Arrange the words to make a sentence.,,,,,We|go|to|school|in|the|morning|.,rearrange,in|the|morning|We|school|go|to|.,,Free
F_ENG_L137_Q1369,13,Build the Sentence,Arrange the words to make a sentence.,,,,,We|come|home|in|the|afternoon|.,rearrange,the|afternoon|We|come|home|in|.,,Free
F_ENG_L137_Q1370,13,Build the Sentence,Arrange the words to make a sentence.,,,,,I|sleep|at|night|in|my|bed|.,rearrange,in|my|bed|I|at|night|sleep|.,,Free
F_ENG_L138_Q1371,13,Build the Sentence,Arrange the words to make a sentence.,,,,,The|sun|shines|in|the|sky|.,rearrange,in|the|sky|The|shines|sun|.,,Free
F_ENG_L138_Q1372,14,Build the Sentence,Arrange the words to make a sentence.,,,,,The|moon|shines|at|night|.,rearrange,at|night|The|shines|moon|.,,Free
F_ENG_L138_Q1373,14,Build the Sentence,Arrange the words to make a sentence.,,,,,Stars|shine|in|the|night|sky|.,rearrange,the|sky|Stars|night|in|shine|.,,Free
F_ENG_L138_Q1374,14,Build the Sentence,Arrange the words to make a sentence.,,,,,Clouds|are|in|the|blue|sky|.,rearrange,the|blue|Clouds|sky|are|in|.,,Free
F_ENG_L138_Q1375,14,Build the Sentence,Arrange the words to make a sentence.,,,,,Rain|falls|from|the|dark|clouds|.,rearrange,the|clouds|Rain|dark|from|falls|.,,Free
F_ENG_L138_Q1376,14,Build the Sentence,Arrange the words to make a sentence.,,,,,The|wind|is|very|strong|today|.,rearrange,very|today|The|strong|wind|is|.,,Free
F_ENG_L138_Q1377,14,Build the Sentence,Arrange the words to make a sentence.,,,,,The|weather|is|nice|today|.,rearrange,today|nice|The|weather|is|.,,Free
F_ENG_L138_Q1378,14,Build the Sentence,Arrange the words to make a sentence.,,,,,The|sky|looks|very|beautiful|today|.,rearrange,beautiful|today|The|very|looks|sky|.,,Free
F_ENG_L138_Q1379,14,Build the Sentence,Arrange the words to make a sentence.,,,,,The|bird|is|sitting|on|the|tree|.,rearrange,on|the|tree|The|is|bird|sitting|.,,Free
F_ENG_L138_Q1380,14,Build the Sentence,Arrange the words to make a sentence.,,,,,The|cat|is|sleeping|on|the|mat|.,rearrange,on|the|mat|The|is|cat|sleeping|.,,Free
F_ENG_L139_Q1381,14,Build the Sentence,Arrange the words to make a sentence.,,,,,The|dog|is|sleeping|under|the|table|.,rearrange,under|the|table|The|is|dog|sleeping|.,,Free
F_ENG_L139_Q1382,15,Build the Sentence,Arrange the words to make a sentence.,,,,,The|ball|is|under|the|chair|.,rearrange,under|the|chair|The|is|ball|.,,Free
F_ENG_L139_Q1383,15,Build the Sentence,Arrange the words to make a sentence.,,,,,The|book|is|on|the|desk|.,rearrange,on|the|desk|The|is|book|.,,Free
F_ENG_L139_Q1384,15,Build the Sentence,Arrange the words to make a sentence.,,,,,My|pencil|is|in|my|bag|.,rearrange,in|my|bag|My|is|pencil|.,,Free
F_ENG_L139_Q1385,15,Build the Sentence,Arrange the words to make a sentence.,,,,,My|shoes|are|under|the|bed|.,rearrange,under|the|bed|My|are|shoes|.,,Free
F_ENG_L139_Q1386,15,Build the Sentence,Arrange the words to make a sentence.,,,,,The|fish|is|in|the|water|.,rearrange,in|the|water|The|is|fish|.,,Free
F_ENG_L139_Q1387,15,Build the Sentence,Arrange the words to make a sentence.,,,,,The|frog|is|near|the|pond|.,rearrange,near|the|pond|The|is|frog|.,,Free
F_ENG_L139_Q1388,15,Build the Sentence,Arrange the words to make a sentence.,,,,,The|rabbit|is|behind|the|tree|.,rearrange,behind|the|tree|The|is|rabbit|.,,Free
F_ENG_L139_Q1389,15,Build the Sentence,Arrange the words to make a sentence.,,,,,The|boy|is|running|in|the|park|.,rearrange,in|the|park|The|is|boy|running|.,,Free
F_ENG_L139_Q1390,15,Build the Sentence,Arrange the words to make a sentence.,,,,,The|girl|is|reading|a|book|.,rearrange,a|book|The|is|girl|reading|.,,Free
F_ENG_L140_Q1391,15,Build the Sentence,Arrange the words to make a sentence.,,,,,The|children|are|playing|in|the|park|.,rearrange,in|the|park|The|are|children|playing|.,,Free
F_ENG_L140_Q1392,16,Build the Sentence,Arrange the words to make a sentence.,,,,,I|am|happy|.,rearrange,happy|I|am|.,,Free
F_ENG_L140_Q1393,16,Build the Sentence,Arrange the words to make a sentence.,,,,,I|am|a|boy|.,rearrange,boy|a|I|am|.,,Free
F_ENG_L140_Q1394,16,Build the Sentence,Arrange the words to make a sentence.,,,,,I|have|a|cat|.,rearrange,cat|a|I|have|.,,Free
F_ENG_L140_Q1395,16,Build the Sentence,Arrange the words to make a sentence.,,,,,This|is|a|ball|.,rearrange,ball|a|This|is|.,,Free
F_ENG_L140_Q1396,16,Build the Sentence,Arrange the words to make a sentence.,,,,,It|is|red|.,rearrange,red|is|It|.,,Free
F_ENG_L140_Q1397,16,Build the Sentence,Arrange the words to make a sentence.,,,,,The|sun|is|hot|.,rearrange,hot|The|is|sun|.,,Free
F_ENG_L140_Q1398,16,Build the Sentence,Arrange the words to make a sentence.,,,,,I|like|milk|.,rearrange,milk|I|like|.,,Free
F_ENG_L140_Q1399,16,Build the Sentence,Arrange the words to make a sentence.,,,,,We|are|friends|.,rearrange,friends|We|are|.,,Free
F_ENG_L140_Q1400,16,Build the Sentence,Arrange the words to make a sentence.,,,,,He|is|tall|.,rearrange,tall|He|is|.,,Free
F_ENG_L141_Q1401,16,Build the Sentence,Arrange the words to make a sentence.,,,,,She|is|kind|.,rearrange,kind|She|is|.,,Free
F_ENG_L141_Q1402,17,Build the Sentence,Arrange the words to make a sentence.,,,,,I|see|a|dog|.,rearrange,dog|a|see|I|.,,Free
F_ENG_L141_Q1403,17,Build the Sentence,Arrange the words to make a sentence.,,,,,My|name|is|Rafi|.,rearrange,Rafi|is|My|name|.,,Free
F_ENG_L141_Q1404,17,Build the Sentence,Arrange the words to make a sentence.,,,,,This|is|my|book|.,rearrange,book|my|This|is|.,,Free
F_ENG_L141_Q1405,17,Build the Sentence,Arrange the words to make a sentence.,,,,,The|bird|can|fly|.,rearrange,fly|can|The|bird|.,,Free
F_ENG_L141_Q1406,17,Build the Sentence,Arrange the words to make a sentence.,,,,,I|can|run|fast|.,rearrange,fast|I|run|can|.,,Free
F_ENG_L141_Q1407,17,Build the Sentence,Arrange the words to make a sentence.,,,,,I|like|red|apples|.,rearrange,red|apples|I|like|.,,Free
F_ENG_L141_Q1408,17,Build the Sentence,Arrange the words to make a sentence.,,,,,The|sky|is|blue|.,rearrange,blue|is|The|sky|.,,Free
F_ENG_L141_Q1409,17,Build the Sentence,Arrange the words to make a sentence.,,,,,She|has|a|blue|bag|.,rearrange,blue|bag|a|She|has|.,,Free
F_ENG_L141_Q1410,17,Build the Sentence,Arrange the words to make a sentence.,,,,,He|has|a|new|bike|.,rearrange,new|bike|a|He|has|.,,Free
F_ENG_L142_Q1411,17,Build the Sentence,Arrange the words to make a sentence.,,,,,The|baby|is|sleeping|.,rearrange,sleeping|The|is|baby|.,,Free
F_ENG_L142_Q1412,18,Build the Sentence,Arrange the words to make a sentence.,,,,,We|play|in|the|park|.,rearrange,park|We|the|in|play|.,,Free
F_ENG_L142_Q1413,18,Build the Sentence,Arrange the words to make a sentence.,,,,,The|cat|is|under|the|table|.,rearrange,under|the|cat|table|is|The|.,,Free
F_ENG_L142_Q1414,18,Build the Sentence,Arrange the words to make a sentence.,,,,,My|mother|is|a|teacher|.,rearrange,teacher|is|My|a|mother|.,,Free
F_ENG_L142_Q1415,18,Build the Sentence,Arrange the words to make a sentence.,,,,,My|father|drives|a|car|.,rearrange,car|a|drives|My|father|.,,Free
F_ENG_L142_Q1416,18,Build the Sentence,Arrange the words to make a sentence.,,,,,The|dog|likes|to|run|.,rearrange,to|run|The|likes|dog|.,,Free
F_ENG_L142_Q1417,18,Build the Sentence,Arrange the words to make a sentence.,,,,,I|go|to|school|every|day|.,rearrange,every|day|I|school|to|go|.,,Free
F_ENG_L142_Q1418,18,Build the Sentence,Arrange the words to make a sentence.,,,,,She|likes|to|read|books|.,rearrange,books|to|She|read|likes|.,,Free
F_ENG_L142_Q1419,18,Build the Sentence,Arrange the words to make a sentence.,,,,,We|eat|rice|for|lunch|.,rearrange,for|lunch|We|rice|eat|.,,Free
F_ENG_L142_Q1420,18,Build the Sentence,Arrange the words to make a sentence.,,,,,Tom|has|two|little|dogs|.,rearrange,little|dogs|Tom|two|has|.,,Free
F_ENG_L143_Q1421,18,Build the Sentence,Arrange the words to make a sentence.,,,,,The|flowers|are|very|beautiful|.,rearrange,very|beautiful|The|are|flowers|.,,Free
F_ENG_L143_Q1422,19,Build the Sentence,Arrange the words to make a sentence.,,,,,My|brother|likes|to|read|.,rearrange,to|read|My|likes|brother|.,,Free
F_ENG_L143_Q1423,19,Build the Sentence,Arrange the words to make a sentence.,,,,,The|children|are|playing|outside|.,rearrange,playing|The|outside|children|are|.,,Free
F_ENG_L143_Q1424,19,Build the Sentence,Arrange the words to make a sentence.,,,,,The|little|girl|is|singing|.,rearrange,singing|girl|The|is|little|.,,Free
F_ENG_L143_Q1425,19,Build the Sentence,Arrange the words to make a sentence.,,,,,My|best|friend|lives|nearby|.,rearrange,nearby|friend|My|lives|best|.,,Free
F_ENG_L143_Q1426,19,Build the Sentence,Arrange the words to make a sentence.,,,,,We|went|to|the|zoo|yesterday|.,rearrange,yesterday|the|We|zoo|to|went|.,,Free
F_ENG_L143_Q1427,19,Build the Sentence,Arrange the words to make a sentence.,,,,,I|saw|a|big|elephant|.,rearrange,big|elephant|I|a|saw|.,,Free
F_ENG_L143_Q1428,19,Build the Sentence,Arrange the words to make a sentence.,,,,,The|boy|is|riding|a|bicycle|.,rearrange,a|bicycle|The|is|boy|riding|.,,Free
F_ENG_L143_Q1429,19,Build the Sentence,Arrange the words to make a sentence.,,,,,My|sister|has|a|beautiful|dress|.,rearrange,beautiful|dress|My|has|a|sister|.,,Free
F_ENG_L143_Q1430,19,Build the Sentence,Arrange the words to make a sentence.,,,,,The|birds|are|flying|in|the|sky|.,rearrange,in|the|birds|sky|The|are|flying|.,,Free
F_ENG_L144_Q1431,19,Build the Sentence,Arrange the words to make a sentence.,,,,,The|children|played|football|after|school|.,rearrange,after|school|football|The|played|children|.,,Free
F_ENG_L144_Q1432,20,Build the Sentence,Arrange the words to make a sentence.,,,,,I|brush|my|teeth|every|morning|.,rearrange,every|morning|my|I|teeth|brush|.,,Free
F_ENG_L144_Q1433,20,Build the Sentence,Arrange the words to make a sentence.,,,,,We|visited|our|grandparents|last|week|.,rearrange,last|week|our|We|grandparents|visited|.,,Free
F_ENG_L144_Q1434,20,Build the Sentence,Arrange the words to make a sentence.,,,,,The|rain|made|the|road|wet|.,rearrange,the|wet|road|The|made|rain|.,,Free
F_ENG_L144_Q1435,20,Build the Sentence,Arrange the words to make a sentence.,,,,,Sara|helped|her|mother|in|the|kitchen|.,rearrange,in|the|mother|Sara|kitchen|helped|her|.,,Free
F_ENG_L144_Q1436,20,Build the Sentence,Arrange the words to make a sentence.,,,,,The|young|boy|opened|the|door|slowly|.,rearrange,slowly|the|boy|opened|young|The|door|.,,Free
F_ENG_L144_Q1437,20,Build the Sentence,Arrange the words to make a sentence.,,,,,Every|morning|I|drink|a|glass|of|milk|.,rearrange,a|milk|Every|of|morning|I|glass|drink|.,,Free
F_ENG_L144_Q1438,20,Build the Sentence,Arrange the words to make a sentence.,,,,,My|father|reads|the|newspaper|every|morning|.,rearrange,every|reads|morning|the|My|newspaper|father|.,,Free
F_ENG_L144_Q1439,20,Build the Sentence,Arrange the words to make a sentence.,,,,,The|teacher|gave|us|some|interesting|homework|.,rearrange,interesting|us|homework|The|some|teacher|gave|.,,Free
F_ENG_L144_Q1440,20,Build the Sentence,Arrange the words to make a sentence.,,,,,We|should|always|help|people|in|need|.,rearrange,people|always|in|need|We|help|should|.,,Free
F_ENG_L145_Q1441,20,Build the Sentence,Arrange the words to make a sentence.,,,,,The|small|rabbit|quickly|ran|into|the|garden|.,rearrange,into|quickly|garden|The|ran|small|rabbit|the|.,,Free
F_ENG_L145_Q1442,21,Build the Sentence,Arrange the words to make a sentence.,,,,,I|was|very|happy|to|see|my|friend|.,rearrange,to|my|friend|I|very|was|see|happy|.,,Free
F_ENG_L145_Q1443,21,Build the Sentence,Arrange the words to make a sentence.,,,,,The|little|girl|carefully|carried|the|glass|.,rearrange,the|glass|carefully|The|carried|little|girl|.,,Free
F_ENG_L145_Q1444,21,Build the Sentence,Arrange the words to make a sentence.,,,,,After|lunch|we|went|outside|to|play|.,rearrange,to|play|After|outside|we|lunch|went|.,,Free
F_ENG_L145_Q1445,21,Build the Sentence,Arrange the words to make a sentence.,,,,,My|friend|and|I|made|a|sandcastle|at|the|beach|.,rearrange,at|made|the|My|sandcastle|beach|and|I|a|friend|.,,Free
F_ENG_L145_Q1446,21,Build the Sentence,Arrange the words to make a sentence.,,,,,The|kind|girl|shared|her|lunch|with|her|friend|.,rearrange,with|her|lunch|The|friend|shared|kind|her|girl|.,,Free
F_ENG_L145_Q1447,21,Build the Sentence,Arrange the words to make a sentence.,,,,,We|cleaned|our|classroom|before|the|teacher|arrived|.,rearrange,before|arrived|our|the|We|teacher|classroom|cleaned|.,,Free
F_ENG_L145_Q1448,21,Build the Sentence,Arrange the words to make a sentence.,,,,,The|bright|moon|shone|over|the|quiet|village|.,rearrange,over|quiet|The|village|shone|bright|the|moon|.,,Free
F_ENG_L145_Q1449,21,Build the Sentence,Arrange the words to make a sentence.,,,,,When|it|rained|we|stayed|inside|the|house|.,rearrange,inside|When|the|rained|house|we|it|stayed|.,,Free
F_ENG_L145_Q1450,21,Build the Sentence,Arrange the words to make a sentence.,,,,,Although|the|bag|was|heavy|the|boy|carried|it|.,rearrange,carried|Although|it|the|boy|heavy|was|bag|the|.,,Free
F_ENG_L146_Q1451,21,Build the Sentence,Arrange the words to make a sentence.,,,,,Before|going|to|bed|I|always|read|a|story|.,rearrange,a|always|Before|story|I|going|read|to|bed|.,,Free
